external_id,question_text,choice_0,choice_1,choice_2,choice_3,correct_index,explanation,type,difficulty,tone,tags,usage_note
TP0001,"A: Do you want some more coffee? B: No thanks, ___.",I'm bad.,I'm good.,I'm nice.,I'm well.,1,何かを丁寧に断る時に使われる。,indirect,easy,casual,"Communication, Social",アメリカ英語で非常に一般的
TP0002,"A: We need to discuss the project status. B: Sure, let's ___ next week.",touch screen,touch base,touch down,touch wood,1,簡潔に連絡を取る、または最新情報を伝えるという意味のビジネス用語。,workplace,medium,professional,Work,オフィス環境でよく使われます
TP0003,"A: Do you want to grab pizza tonight? B: Yeah, ___.",I'm out.,I'm under.,I'm down.,I'm off.,2,計画や活動に参加することに同意することを意味する。,slang,easy,casual,"Social, Action",若い世代の間で非常に一般的
TP0004,"A: We lost the game because of the rain. B: Well, ___.",it is what it is,it is what it was,it was what it is,it is not what it is,0,変えられない悪い状況を受け入れることを表現する時に使われる。,idiom,medium,casual,Emotion,使いすぎると冷淡に聞こえることがあります
TP0005,"A: I'm so sorry for being late! B: ___, take your time.",No problems.,No worries.,No cares.,No troubles.,1,「ごめんなさい」や「ありがとう」に対する一般的な返答。,casual,easy,friendly,"Social, Emotion",現代のカジュアルな会話では「どういたしまして」の代わりに使われます
TP0006,A: How are things with that guy you were dating? B: He completely ___ me.,monstered,zombied,ghosted,vampired,2,説明なしにすべての連絡を絶つこと。,dating,medium,casual,"Social, Communication",恋愛の文脈でよく使われます
TP0007,"A: He was late because he overslept again. B: Yeah, ___.",that tracks,that trains,that cars,that buses,0,何かが論理的に筋が通っている、または期待通りであることを意味する。,slang,medium,casual,"Social, Learning",状況を説明する何かを知ったときに使われます
TP0008,A: I'll text you when I get there. B: ___.,Gamble.,Bet.,Risk.,Wager.,1,同意や確認を示すために使われるスラング。,slang,medium,casual,"Social, Communication",Z世代のスラングとして非常に一般的
TP0009,"A: I'm so exhausted from work today. B: Man, ___.",I touch you.,I feel you.,I sense you.,I hold you.,1,誰かの気持ちや状況を理解していることを意味する。,casual,easy,friendly,"Emotion, Communication",共感を示すために使われます
TP0010,"A: I think I'm going to quit my job and travel. B: Well, ___.",you do me,you do it,you do you,you do them,2,誰かが最善だと思うことをすべきだという意味で、少し苛立ちを伴うこともある。,indirect,medium,passive_aggressive,Communication,言い方によって、応援にも嫌味にもなります
TP0011,"A: ...and that's the whole story. B: Wow. Anyway, I know you're busy, so ___.",I'll let you come,I'll let you stay,I'll let you go,I'll let you be,2,電話や会話を終わらせる丁寧な方法。,indirect,medium,polite,"Social, Communication",失礼にならずに会話を切り上げる非常に一般的な方法
TP0012,"A: I can't help you move because I hurt my back. B: Ah, ___.",fair play,fair game,fair enough,fair well,2,誰かの意見を認めたり、説明を受け入れたりする時に使われる。,casual,easy,casual,Social,完全に同意していなくても、相手の視点を理解していることを示します
TP0013,"A: I'm free this weekend. B: Cool, ___ later.",punch me up,hit me up,strike me up,beat me up,1,「連絡して」という意味のスラング。,texting,easy,casual,"Social, Time",テキストメッセージで非常に一般的
TP0014,"A: I heard something crazy about Sarah. B: Omg, ___!",drop the coffee,spill the tea,pour the milk,drink the water,1,噂話や興味深いニュースを共有することを意味する。,slang,medium,casual,Social,ドラァグカルチャー発祥で、今は一般的に使われています
TP0015,A: Are you excited for the party? B: I ___ just want to stay home.,high-key,mid-key,low-key,no-key,2,控えめに、または密かに何かを感じていることを表現する時に使われる。,slang,medium,casual,Emotion,例：「密かに帰りたいと思っている（I low-key want to leave.）」
TP0016,"A: Do you want to get dinner tonight? B: I'm busy, can I ___?",take a snow check,take a wind check,take a rain check,take a sun check,2,後日を提案しつつ、招待を丁寧に断ること。,idiom,medium,polite,"Time, Communication",予定を延期するための非常に標準的なアメリカのフレーズ
TP0017,"A: You stepped on my shoe! B: Oops, ___.",my evil,my bad,my worse,my worst,1,自分の非を認めたり、謝罪したりするカジュアルな方法。,casual,easy,casual,"Social, Action",深刻な違反ではなく、ちょっとしたミスに使われます
TP0018,A: We don't have a solution for this yet. B: Let's ___ to it next week.,square back,circle back,triangle back,line back,1,後で何かについて話し合うことを意味するビジネス用語。,workplace,medium,professional,Work,会議で決定を先延ばしにする時によく使われます
TP0019,"A: Why is everyone so quiet? B: Dude, you need to ___.",read the book,read the text,read the room,read the air,2,周りの人々の感情や態度に注意を払うこと。,idiom,hard,casual,Social,誰かが不適切な冗談を言った時に使われることが多い
TP0020,"A: Can you help me with this report? B: Sorry, ___ right now.",I'm flooded.,I'm swamped.,I'm drowned.,I'm soaked.,1,仕事ややることが多すぎることを意味する。,workplace,easy,casual,Work,タスクに圧倒されていることを伝える非常に一般的な方法
TP0021,A: Where is John? B: He decided to ___ early.,jail,fail,bail,sail,2,直前になって予定をキャンセルしたり、場所を早く離れたりすること。,slang,medium,casual,"Time, Travel",例：「彼は昨晩ドタキャンした（He bailed on me last night.）」
TP0022,"A: Did you hear about the company merger? B: No, I've been completely ___.",out of the circle,out of the loop,out of the ring,out of the round,1,特定のグループが持っている知識を持っていないこと。,idiom,medium,casual,"Learning, Social",オフィスや友人グループでよく使われます
TP0023,"A: His performance was terrible today. B: Yeah, he was definitely ___.",texting it in,phoning it in,calling it in,emailing it in,1,怠惰に、または熱意なしにタスクを行うこと。,idiom,hard,casual,Work,誰かが明らかにベストを尽くしていない時に使われます
TP0024,"A: I have to go to class. B: Alright, ___.",catch you earlier,catch you tomorrow,catch you later,catch you soon,2,カジュアルな別れの挨拶。,casual,easy,friendly,Social,非常に標準的なカジュアルな別れの言葉
TP0025,A: Are you going to buy that car? B: I'm still ___ about it.,on the wall,on the fence,on the roof,on the gate,1,2つの選択肢の間で選べない状態。,idiom,medium,casual,Action,メリットとデメリットを天秤にかけている時によく使われます
TP0026,A: What time are we meeting on Saturday? B: Let's just ___.,play it by eye,play it by nose,play it by ear,play it by mouth,2,厳密な計画を立てず、成り行きを見守ること。,idiom,medium,casual,Action,週末の予定などで非常に一般的
TP0027,A: He lost the game and didn't shake hands. B: He's just being ___.,sweet,salty,sour,spicy,1,通常は些細なことでイライラしたり、怒ったり、すねたりすること。,slang,medium,casual,Emotion,例：「彼は負けたからすねているだけだ（He's just salty because he lost.）」
TP0028,"A: I accidentally sent that message to my boss. B: Oh wow, ___.",big yikes,large yikes,huge yikes,giant yikes,0,強い共感性羞恥やショックを表現する時に使われる。,slang,easy,casual,Emotion,インターネットカルチャーで広まりました
TP0029,"A: Did she reply to your text? B: No, I got ___.",left on seen,left on unread,left on read,left on open,2,誰かがあなたのメッセージを読んだのに、無視して返信しないこと。,texting,medium,casual,Communication,現代の恋愛や友情において失礼だと見なされます
TP0030,"A: I really like her, but I'm too nervous to talk to her. B: Come on, just ___!",fire your gun,throw your ball,shoot your shot,kick your kick,2,勇気を出して何かを試みること、通常は誰かをデートに誘うこと。,dating,medium,flirty,Emotion,バスケットボールの用語に由来します
TP0031,"A: How was the movie? B: ___, it was pretty boring.",Not gonna tell,Not gonna say,Not gonna lie,Not gonna speak,2,何かを認めたり、正直な意見を言ったりする前に使われるつなぎ言葉。,casual,easy,casual,Communication,テキストではよくNGLと略されます
TP0032,A: What do you think of my new outfit? B: ___ 90s pop star.,It's taking...,It's getting...,It's giving...,It's making...,2,何かの美学や雰囲気を表現する時に使われる。,slang,hard,casual,Description,例：「90年代のノスタルジーを感じる（It's giving 90s nostalgia.）」
TP0033,"A: She won't tell me where she bought that dress. B: Ugh, I hate when people are ___.",doorlocking,gatekeeping,wallbuilding,fenceholding,1,他の人が楽しめないように情報（クールなブランドやバンドなど）を隠すこと。,slang,medium,casual,Social,ソーシャルメディアでよく使われます
TP0034,"A: Look at this hilarious meme! B: LMAO, ___!",I'm alive.,I'm dying.,I'm dead.,I'm killed.,2,非常に面白いことに反応する時に使われる。,texting,easy,casual,Social,「dying of laughter（笑い死にしそう）」と似ています
TP0035,"A: Did you see her response to the haters? B: Yeah, that was a great ___.",punch back,clap back,slap back,kick back,1,批判に対する機知に富んだ、または強力な言い返し。,slang,medium,sarcastic,Social,有名人のゴシップの文脈でよく使われます
TP0036,A: He's been arguing on Twitter for 12 hours. B: He really needs to ___.,touch dirt,touch leaves,touch trees,touch grass,3,インターネット上のドラマに夢中になりすぎている人への侮辱。,slang,hard,rude,"Social, Technology",誰かが現実離れした行動をとっている時に使われます
TP0037,A: I can't stop singing that commercial jingle. B: It's living in your head ___.,tax-free,rent-free,toll-free,fee-free,1,アイデア、人、または記憶が頭から離れない時。,slang,medium,casual,"Emotion, Learning",例：「あの曲が頭から離れない（That song lives in my head rent-free.）」
TP0038,A: Why did you throw a pillow at him? B: Just a ___.,mood check,energy check,vibe check,aura check,2,誰かの態度や場所の雰囲気を評価すること。,slang,easy,casual,"Description, Emotion",何か驚くようなことをする前のジョークとして使われることもあります
TP0039,"A: If he keeps insulting me, he's going to ___.",catch feet,catch arms,catch hands,catch legs,2,殴り合いの喧嘩をすること。,slang,hard,rude,Social,攻撃的なスラングで、今は主に冗談で使われます
TP0040,"A: I just won a thousand dollars! B: Really? A: Yeah, ___.",no hat,no cap,no hood,no helmet,1,「嘘ではない」または「本当のことを言っている」という意味。,slang,medium,casual,Communication,ヒップホップカルチャーに由来します
TP0041,"A: Where is the attachment? B: ___, it's in the previous thread.",For my last email,By my last email,Per my last email,To my last email,2,既に送信された情報を誰かが見落としていることを、丁寧だがきっぱりと指摘する方法。,workplace,medium,passive_aggressive,"Work, Emotion",ビジネスにおける究極の嫌味なフレーズ
TP0042,"A: We are getting off topic. B: Agreed, ___ for now.",let's put a pin in it,let's put a needle in it,let's put a nail in it,let's put a tack in it,0,会話を引き延ばすために使われるビジネスの慣用句。,workplace,medium,professional,Work,会議中に話が脱線するのを止めるために使われます
TP0043,"A: Did she just compliment my hair but insult my dress? B: Yeah, she was definitely ___.",throwing shadows,throwing shade,throwing dark,throwing black,1,嫌味な、または間接的な侮辱をすること。,slang,medium,sarcastic,Social,侮辱の「さりげなさ」がポイントです
TP0044,A: He just bought another Rolex. B: That's a huge ___.,stretch,bend,flex,pose,2,自分の富、スキル、または業績を見せびらかすこと。,slang,easy,casual,Social,"例：「変な自慢だけど、まあいいや（Weird flex, but okay.）」"
TP0045,A: He bought her a car even though they aren't dating. B: What a ___.,wimp,simp,chimp,blimp,1,恋愛対象からの関心を引くために過度に服従的な人（通常は男性）に対する軽蔑的な言葉。,slang,medium,rude,"Emotion, Social",インターネットカルチャーで多用されます
TP0046,A: How did I do on the presentation? B: You completely ___ed it!,kill,slay,murder,destroy,1,見事に成功する、または信じられないほどよく見えること。,slang,easy,friendly,Social,ボールルームカルチャー発祥で、今は主流の褒め言葉
TP0047,"A: It's getting late. B: Yeah, ___.",I'm about to head out,I'm about to hand out,I'm about to arm out,I'm about to leg out,0,集まりから帰る時のカジュアルな宣言。,casual,easy,casual,"Travel, Social",膝を叩いて立ち上がる動作を伴うことが多い
TP0048,"A: I'll start working on the design. B: Great, please ___.",keep me in the circle,keep me in the loop,keep me in the ring,keep me in the round,1,プロジェクトや状況の最新情報を求めること。,workplace,easy,professional,"Communication, Work",プロフェッショナルな環境で非常に一般的
TP0049,A: Why isn't Sarah at work today? B: She's feeling a bit ___.,under the clouds,under the rain,under the storm,under the weather,3,風邪をひいたような、少し体調が悪い感じ。,idiom,easy,casual,Health,詳細を言わずに体調不良を伝える丁寧な方法
TP0050,A: This traffic is awful! B: ___.,You're telling me,You're saying me,You're speaking me,You're talking me,0,「分かっている」または「自分も経験したから完全に同意する」という意味。,casual,medium,casual,"Social, Emotion",よくあるイライラを共有した時などに、強い同意を示すために使われます
TP0051,A: We have a lot to cover today. B: Let's ___.,cut to the cheese,cut to the chase,cut to the chance,cut to the chat,1,雑談を省いて重要な部分に入ることを意味する。,idiom,medium,casual,Work,ビジネス会議などで非常によく使われます
TP0052,A: The bill is $100. B: Let's ___.,go French,go German,go Dutch,go Spanish,2,食事や費用の自分の分を支払うこと。,idiom,easy,casual,"Food, Money",友人同士の食事でよく使われます
TP0053,"A: I'm so nervous about the interview! B: Hey, ___.",take a chill pill,take a cool pill,take a cold pill,take a freeze pill,0,パニックになっている人を落ち着かせるために使われるスラング。,slang,medium,casual,Emotion,少し古いスラングですが、今でもよく使われます
TP0054,A: How did he know about the surprise party? B: Someone must have ___.,let the dog out of the bag,let the bird out of the bag,let the cat out of the bag,let the fish out of the bag,2,誤って秘密を漏らすこと。,idiom,medium,casual,"Description, Action",日常会話で非常によく使われるイディオムです
TP0055,A: I'm the best player here! B: ___.,Don't get above yourself,Don't get ahead of yourself,Don't get across yourself,Don't get around yourself,1,自信過剰になったり、先走ったりしないように警告する表現。,casual,medium,casual,Emotion,相手を少し戒める時に使われます
TP0056,A: How does this machine work? B: ___.,Beats me,Hits me,Kicks me,Punches me,0,「分からない」または「見当もつかない」という意味のカジュアルな表現。,casual,easy,casual,Learning,I don't knowの代わりによく使われます
TP0057,A: I forgot the report again. B: I'll ___ this time.,cut you some rope,cut you some string,cut you some wire,cut you some slack,3,誰かの間違いや欠点を見逃すこと。,idiom,medium,casual,"Emotion, Work",ビジネスでもカジュアルでも使われます
TP0058,A: Should I invest all my money in this? B: It's a ___.,long shot,far shot,high shot,deep shot,0,成功の可能性が低いもの。,idiom,medium,casual,"Action, Work",スポーツから派生した表現です
TP0059,A: The movie starts in 10 minutes! B: We need to ___.,step on it,jump on it,run on it,walk on it,0,誰かに急ぐように促す表現（車のアクセルを踏むことから）。,idiom,easy,casual,Travel,急いでいる時によく使われます
TP0060,"A: Can you fix my computer? B: Sure, it's ___.",a piece of pie,a piece of bread,a piece of cake,a piece of cheese,2,非常に簡単にできること。,idiom,easy,casual,Action,日常会話の定番イディオムです
TP0061,A: You look pale. B: I'm feeling a bit ___ today.,out of types,out of kinds,out of sorts,out of things,2,体調が悪い、またはいつもの自分とは違うと感じること。,idiom,medium,casual,"Health, Emotion",体調不良だけでなく、機嫌が悪い時にも使えます
TP0062,"A: Just tell him we were at the library. B: Fine, I'll ___.",play along,play around,play about,play away,0,誰かの嘘や計画に同意するふりをすること。,casual,medium,casual,"Communication, Social",一時的に協力するニュアンスがあります
TP0063,A: I think we should order pizza. B: ___.,I'm for you,I'm with you,I'm by you,I'm on you,1,誰かの意見や提案に同意すること。,casual,easy,friendly,"Social, Food",シンプルで使いやすい同意の表現です
TP0064,"A: Can I ask you a question? B: I'm busy, ___.",get out of my face,get out of my head,get out of my hair,get out of my mind,2,誰かに邪魔をするのをやめるように言う表現。,idiom,medium,rude,Social,少しキツい言い方なので注意が必要です
TP0065,A: Will this plan work? B: ___.,Clock will tell,Watch will tell,Hour will tell,Time will tell,3,将来になるまで結果が分からないもの。,idiom,easy,casual,"Time, Action",結果を待つしかない状況で使われます
TP0066,A: He was late again! B: That's ___.,the last straw,the final stick,the end leaf,the ultimate branch,0,忍耐力を失わせる最後の出来事。,idiom,medium,casual,Emotion,「ラクダの背骨を折る最後の藁」ということわざから
TP0067,"A: We missed the train! B: Don't worry, we'll ___.",figure it out,think it out,solve it out,guess it out,0,問題の解決策を見つけること。,casual,easy,casual,Action,困難な状況で励ます時によく使われます
TP0068,A: I passed the exam! B: ___.,Way to be,Way to go,Way to do,Way to make,1,誰かの成功や良い仕事を称賛する表現。,casual,easy,friendly,Social,カジュアルな賞賛の定番フレーズです
TP0069,A: I'm leaving now! B: ___.,Hold your dogs,Hold your cats,Hold your horses,Hold your birds,2,誰かに急がないように、または待つように言う表現。,idiom,medium,casual,Action,少しユーモアを交えて引き止める時に使われます
TP0070,A: I didn't expect to see you here! B: ___.,What a small earth,What a small planet,What a small globe,What a small world,3,予期しない場所で知り合いに会った時に使われる表現。,idiom,easy,friendly,"Emotion, Work",世界は狭いね、という意味です
TP0071,A: I'm driving to New York tonight. B: ___.,Safe travels,Safe trips,Safe journeys,Safe tours,0,旅行に出発する人への別れの挨拶。,casual,easy,polite,"Travel, Social",Have a safe tripと同じように使われます
TP0072,A: Do you know his name? B: It's ___.,on the tip of my lip,on the tip of my tongue,on the tip of my mouth,on the tip of my teeth,1,何かを知っているのに、どうしても思い出せない時。,idiom,medium,casual,Learning,名前や言葉が思い出せない時によく使われます
TP0073,"A: Let's see what happens tomorrow. B: Yeah, we'll ___.",leave it to luck,leave it to fate,leave it to chance,leave it to destiny,2,結果をコントロールしようとせず、物事を自然の成り行きに任せること。,casual,medium,casual,"Action, Time",計画を立てずに様子を見る時に使われます
TP0074,"A: I don't like this idea. B: Please, ___.",give it to me straight,give it to me direct,give it to me clear,give it to me plain,0,たとえ悪い知らせであっても、正直かつ直接的に話すこと。,idiom,medium,casual,Communication,悪い知らせを聞く覚悟ができている時に使われます
TP0075,A: We both reached the door at the same time. B: ___.,Before you,After you,Behind you,Following you,1,誰かを自分の前に行かせるための丁寧な表現。,casual,easy,polite,Social,ドアを開けたり、列に並んだりする時によく使われます
TP0076,"A: I broke your mug, sorry! B: ___.",Don't cry it,Don't sweat it,Don't tear it,Don't bleed it,1,心配したり謝ったりする必要はないと言う表現。,casual,medium,casual,Emotion,No worriesと同じように使われます
TP0077,A: Why did you two break up? B: Let's ___.,drop the subject,fall the subject,throw the subject,toss the subject,0,不快な話題について話すのをやめること。,casual,medium,casual,Social,話したくないことを避ける時に使われます
TP0078,"A: It's not you, it's me. B: What are you ___?",getting to,getting at,getting on,getting in,1,誰かが間接的に何を言おうとしているのかを尋ねる表現。,casual,medium,casual,Communication,相手の真意を探る時に使われます
TP0079,"A: Did you hear what I said? B: Sorry, I ___.",spaced out,zoned out,blanked out,cleared out,1,一時的に注意を失う、または上の空になること。,slang,medium,casual,Learning,話を聞いていなかった時の言い訳としてよく使われます
TP0080,A: Is the answer 42? B: You're ___.,on the right path,on the right road,on the right way,on the right track,3,正しい方向に向かっている、または正しい考え方をしていること。,idiom,medium,casual,Learning,正解ではないが、惜しい時に使われます
TP0081,A: It was the worst day of my life! B: You're ___.,being dramatic,being theatrical,being cinematic,being acting,0,些細なことに大げさに反応すること。,casual,medium,casual,Emotion,少しからかうようなニュアンスが含まれます
TP0082,A: Come in! B: Thanks for ___.,inviting me,having me,calling me,bringing me,1,招待されたことに対する感謝の表現。,casual,easy,polite,Social,誰かの家やイベントに到着した時によく使われます
TP0083,A: I'll work until midnight. B: Don't ___.,push yourself,pull yourself,drag yourself,force yourself,0,限界を超えて無理をしないようにアドバイスする表現。,casual,easy,friendly,Emotion,相手の健康や疲労を気遣う時に使われます
TP0084,A: Is this the final version? B: It's good enough ___.,for today,for now,for the moment,for the time,1,「現在のところ」または「一時的に」という意味。,casual,easy,casual,"Time, Description",後で変更する可能性がある時に使われます
TP0085,A: Where should we eat? B: ___.,It's on you,It's up to you,It's down to you,It's for you,1,決定を相手に委ねる表現。,casual,easy,casual,Action,自分がどちらでもいい時によく使われます
TP0086,A: How was the concert? B: It was ___.,out of this world,out of this earth,out of this planet,out of this universe,0,非常に素晴らしい、または信じられないほど良いもの。,idiom,medium,casual,"Social, Action",期待を大きく上回った時に使われます
TP0087,A: I think pigs can fly. B: ___.,When birds swim,When dogs speak,When cats bark,When pigs fly,3,起こるのが絶対に不可能なこと。,idiom,medium,casual,Emotion,相手のありえない発言に対して冗談めかして使われます
TP0088,A: The show was canceled. B: What a ___.,bummer,downer,sinker,faller,0,がっかりするもの、または期待外れなもの。,slang,easy,casual,Emotion,カジュアルに同情や落胆を示す時によく使われます
TP0089,A: I won the lottery! B: ___.,You're pulling my arm,You're pulling my hand,You're pulling my leg,You're pulling my foot,2,誰かをからかったり、冗談を言ったりすること。,idiom,medium,casual,Emotion,信じられない話を聞いた時の反応として使われます
TP0090,A: I'm moving to London. B: Let's ___.,keep in mind,keep in touch,keep in sight,keep in hand,1,離れていても定期的に連絡を取り続けること。,casual,easy,friendly,"Communication, Social",別れの際の定番のフレーズです
TP0091,A: Are you sure about this? B: I'm having ___.,second thoughts,third thoughts,other thoughts,new thoughts,0,下した決定に疑問を持ち始めること。,idiom,medium,casual,"Emotion, Action",迷いが生じた時に使われます
TP0092,A: These boxes are heavy. B: Let me ___.,give you an arm,give you a hand,give you a finger,give you a shoulder,1,誰かを助けること。,idiom,easy,friendly,Action,物理的な手伝いだけでなく、様々な支援に使われます
TP0093,A: I failed because I didn't study. B: ___.,You asked for it,You begged for it,You called for it,You wished for it,0,自分自身の悪い行動のせいで悪い結果を招くこと。,casual,medium,casual,Emotion,少し冷たい、または厳しい言い方です
TP0094,A: Maybe we should wait for a better deal. B: ___.,You have a point,You have a dot,You have a mark,You have a spot,0,誰かの意見や主張が妥当であることを認めること。,casual,easy,casual,Social,議論の中で相手に同意する時によく使われます
TP0095,A: The client rejected our proposal. B: Back to ___.,circle one,triangle one,square one,line one,2,最初からやり直すこと。,idiom,medium,casual,Action,計画が失敗して振り出しに戻った時に使われます
TP0096,"A: Did you finish the essay? B: Yes, ___.",in the cut of time,in the nick of time,in the slice of time,in the edge of time,1,手遅れになる直前の、ぎりぎりのタイミングで。,idiom,medium,casual,Time,間一髪で間に合った時によく使われます
TP0097,A: Don't tell anyone about this. B: My ___.,mouth is closed,lips are sealed,tongue is tied,teeth are locked,1,絶対に秘密を守るという約束。,idiom,medium,casual,"Description, Social",相手を安心させるために使われます
TP0098,A: What are you doing tonight? B: I need to ___.,hit the books,hit the notes,hit the pages,hit the papers,0,非常に一生懸命勉強すること。,idiom,medium,casual,Learning,学生がよく使うスラング的な表現です
TP0099,A: I forgot my ID. B: Can you ___ this time?,let it slip,let it slide,let it fall,let it drop,1,ルール違反や間違いを罰することなく見逃すこと。,idiom,medium,casual,"Emotion, Action",少しだけルールを曲げてほしい時に頼む表現です
TP0100,"A: I forgot my wallet. B: Don't worry, ___.",it's on me,it's for me,it's to me,it's with me,0,自分が支払うという意味の表現。,casual,easy,friendly,"Money, Food",食事などで気前よく支払う時によく使われます
TP0101,"A: The professor asked us to ___ our sources. B: Okay, I'll add them to the bibliography.",site,sight,cite,side,2,学術論文やレポートで情報源を引用すること。,academic,easy,formal,Learning,大学などの学術的な場面でよく使われます
TP0102,"A: I'd like to book a ___ ticket to London. B: Sure, returning on which date?",circle-trip,round-trip,square-trip,line-trip,1,往復の旅行のこと。片道はone-wayと言います。,travel,easy,polite,Travel,旅行の予約で必須の表現です
TP0103,"A: He is known to ___ when faced with tough questions. B: Yeah, he never gives a straight answer.",beat around the bush,hit around the tree,kick around the grass,punch around the leaf,0,遠回しに言うこと、要点を避けること。,idiom,hard,casual,Communication,直答を避ける人を描写する際によく使われます
TP0104,A: Please ___ the attached document for your review. B: Will do.,find,look,see,watch,0,添付ファイルを確認してほしい時に使うビジネスの定型文。,business_formal,medium,professional,Work,Please find attached...はビジネスメールの定番です
TP0105,"A: I can't believe she wore that to the wedding! B: I know, it's a major ___.",faux pas,false step,bad move,wrong turn,0,社交上の失敗や無作法な振る舞いのこと。,pop_culture,hard,judgmental,Social,フランス語由来ですが英語として定着しています
TP0106,"A: The doctor said it's just a ___ tumor, nothing to worry about. B: Thank goodness!",benign,polite,kind,gentle,0,腫瘍などが良性であること（悪性はmalignant）。,medical,hard,professional,Health,医療の文脈で非常に重要な単語です
TP0107,A: I plead the ___. B: You can't just refuse to answer!,fourth,fifth,sixth,seventh,1,黙秘権を行使すること（アメリカ合衆国憲法修正第5条から）。,legal,hard,defensive,"Action, Communication",日常会話でも「答えたくない」と冗談めかして使われます
TP0108,A: Can I get this shirt in a medium? B: Let me check if we have it in ___.,stock,store,stash,stack,0,商品の在庫があること。,shopping,easy,polite,Money,買い物の際によく使われる表現です
TP0109,"A: How would you like your steak? B: Medium-___, please.",rare,raw,red,blood,0,ステーキの焼き加減の一つ。,dining,easy,polite,Food,レストランでの注文で必須の表現です
TP0110,A: We need to ___ the data before the presentation. B: I'll double-check the numbers.,crunch,crush,smash,break,0,大量のデータや数値を処理・計算すること。,workplace,medium,casual,Learning,ITや金融業界でよく使われるスラングです
TP0111,"A: Are you going to the concert? B: No, the tickets cost an arm and a ___.",hand,foot,leg,toe,2,非常に値段が高いこと。,idiom,medium,casual,Money,日常会話でよく使われる誇張表現です
TP0112,A: She always ___ when she talks about her kids. B: She must be very proud.,brags,drags,flags,snags,0,自慢すること。,casual,easy,casual,Social,ネガティブなニュアンスを含むことが多いです
TP0113,A: The new policy will be implemented across the ___. B: Everyone is affected?,table,board,desk,floor,1,全体にわたって、一律に。,business_formal,hard,professional,Work,会社全体や組織全体に適用される時に使われます
TP0114,"A: I can't stand his ___. B: Yeah, he always thinks he's better than everyone.",arrogance,elegance,ignorance,innocence,0,傲慢さ、思い上がり。,academic,medium,formal,Social,人の性格を批判する際に使われます
TP0115,"A: Let's ___ the bill. B: Good idea, I only had a salad.",break,cut,split,tear,2,割り勘にすること。,dining,easy,casual,"Money, Food",友人との食事でよく使われます
TP0116,"A: The flight was delayed due to ___ weather. B: Oh no, I hope it clears up.",inclement,increment,implement,compliment,0,悪天候のこと。,travel,hard,formal,Travel,ニュースや空港のアナウンスで使われるフォーマルな表現です
TP0117,A: I'm feeling under the ___ today. B: You should go home and rest.,cloud,storm,rain,weather,3,体調が優れないこと。,idiom,easy,casual,Health,詳細を言わずに体調不良を伝える定番フレーズです
TP0118,"A: She has a ___ for languages. B: Yeah, she learned Spanish in three months.",knack,crack,snack,track,0,特定の事柄に対する天性の才能やコツ。,casual,medium,friendly,Learning,人の特技を褒める時によく使われます
TP0119,A: The suspect was released on ___. B: Who paid for it?,bail,jail,mail,tail,0,保釈、または保釈金のこと。,legal,medium,formal,Action,ニュースで頻繁に耳にする単語です
TP0120,A: This new software is a ___ changer! B: It really makes our work so much easier.,game,life,world,time,0,状況を一変させるような画期的なもの。,workplace,easy,enthusiastic,Work,新製品や新システムを絶賛する際によく使われます
TP0121,"A: We need to ___ the meeting until next week. B: Okay, I'll update the calendar.",put off,take off,set off,make off,0,予定を延期すること。,workplace,easy,professional,"Time, Work",postponeのカジュアルな言い換え。
TP0122,"A: Did you understand the lecture? B: Not at all, it was completely over my ___.",mind,brain,head,face,2,内容が難しすぎて理解できないこと。,idiom,medium,casual,Learning,over my headで「私の理解を超えている」という意味。
TP0123,A: How was the exam? B: I ___ it! I'm sure I got an A.,nailed,hammered,screwed,drilled,0,何かを完璧にやり遂げること。,slang,easy,enthusiastic,"Social, Learning",テストや面接などで大成功した時によく使われます。
TP0124,"A: I can't believe he said that to the boss. B: Yeah, he really put his foot in his ___.",shoe,sock,mouth,pocket,2,うっかり失言をしてしまうこと。,idiom,hard,casual,"Action, Social",相手を怒らせたり恥をかいたりするような発言をした時に使われます。
TP0125,"A: I'm going to grab a coffee. Do you want anything? B: No, I'm ___.",full,set,done,finished,1,今のままで十分、何も必要ないという意味。,casual,easy,casual,"Communication, Food",申し出を軽く断る時に I'm good と同じように使われます。
TP0126,"A: Is the project finished? B: Almost, we just need to wrap things ___.",in,out,up,down,2,物事を終わらせる、まとめること。,workplace,medium,professional,Work,会議やプロジェクトの終盤によく使われます。
TP0127,A: I think I'm coming down with a ___. B: You should rest.,bug,worm,insect,fly,0,軽い病気（風邪など）にかかり始めていること。,casual,medium,casual,Health,come down with a bug で「風邪気味だ」という意味。
TP0128,"A: Did she get the promotion? B: Yes, it's a done ___.",thing,work,job,deal,3,既に決定・完了していて、変更不可能なこと。,idiom,medium,professional,"Work, Action",交渉や契約が成立した時にも使われます。
TP0129,A: I'm so stressed out. B: Hang in ___! It'll be over soon.,there,here,out,up,0,困難な状況でも諦めずに頑張るように励ます言葉。,idiom,easy,friendly,Action,苦境に立たされている人への定番の励ましフレーズ。
TP0130,A: Can you finish this by tomorrow? B: I'll do my ___.,most,best,top,peak,1,全力を尽くすこと。,casual,easy,polite,"Work, Action",do one's best で「ベストを尽くす」。
TP0131,"A: He's always complaining. B: I know, he's such a pain in the ___.",arm,leg,neck,back,2,非常に面倒な人や物事。,idiom,medium,casual,Social,a pain in the neck で「頭痛の種」「厄介者」。
TP0132,A: Let's ___ the road. We have a long drive ahead.,hit,strike,beat,kick,0,出発する、旅に出ること。,idiom,medium,casual,Travel,hit the road で「出発する」。
TP0133,"A: Do you want to go to the movies? B: I'm broke, so I'll have to ___ on that.",skip,pass,jump,leap,1,誘いなどを断ること。,casual,easy,casual,"Communication, Money",pass on ~ で「～を見送る」「遠慮する」。
TP0134,A: The new restaurant is amazing. B: Really? I'll have to check it ___.,in,out,up,over,1,興味のあるものを見てみる、調べること。,casual,easy,casual,Action,check out で「確認する」「行ってみる」。
TP0135,"A: I'm so tired, I'm going to hit the ___. B: Goodnight!",sack,bag,box,pack,0,寝る、床に就くこと。,idiom,medium,casual,Health,hit the sack (または hay) で「寝る」。
TP0136,"A: She's really smart. B: Yeah, she's a sharp ___.",cookie,biscuit,cake,cracker,0,賢い人、頭の回転が速い人。,idiom,hard,casual,"Learning, Social",a smart/sharp cookie で「抜け目のない人」「賢い人」。
TP0137,"A: I accidentally deleted the file. B: Well, there's no use crying over spilled ___.",water,juice,milk,coffee,2,済んでしまったことを後悔しても仕方がないということ。,idiom,medium,casual,"Emotion, Action",覆水盆に返らず、と同じ意味のことわざ。
TP0138,A: Can I borrow your car? B: Out of the ___. I need it today.,problem,question,answer,topic,1,問題外である、絶対に不可能であること。,idiom,medium,firm,"Communication, Emotion",out of the question で「論外だ」。
TP0139,"A: Are you ready to order? B: Yes, I'll ___ the steak.",take,have,get,make,1,レストランで注文する時の定番の表現。,dining,easy,polite,Food,I'll have ~ で「～にします」。
TP0140,A: This computer is so slow. B: It's a piece of ___.,junk,trash,garbage,all of the above,3,使い物にならない、ガラクタであること。,slang,medium,negative,"Technology, Social",a piece of junk/trash/garbage はいずれも「ガラクタ」を意味します。
TP0141,A: We need to think outside the ___. B: Let's brainstorm some new ideas.,circle,square,box,triangle,2,既存の枠にとらわれずに、独創的に考えること。,idiom,medium,professional,Work,think outside the box はビジネスで非常によく使われる表現。
TP0142,A: I can't decide which phone to buy. B: Take your ___.,time,choice,pick,selection,2,好きなものを選ぶように促す表現。,casual,medium,friendly,"Action, Money",take your pick で「お好きなものをどうぞ」。
TP0143,"A: He's always showing off. B: Yeah, he's so full of ___.",himself,it,pride,confidence,0,うぬぼれている、自己中心的であること。,idiom,medium,negative,"Social, Emotion",be full of oneself で「うぬぼれている」。
TP0144,"A: I'm sorry for the delay. B: No ___, take your time.",rush,hurry,speed,fast,0,急がなくていい、ゆっくりでいいと伝える表現。,casual,easy,polite,"Time, Emotion",No rush は No worries と並んでよく使われる気遣いの言葉。
TP0145,A: Let's call it a ___. I'm exhausted. B: Agreed. See you tomorrow.,day,night,time,week,0,今日の仕事や作業を終わりにすること。,idiom,medium,casual,Work,call it a day で「今日はここまでにしよう」。
TP0146,A: The concert is sold out. B: What a let___!,out,in,down,up,2,期待外れ、がっかりすること。,casual,medium,disappointed,"Emotion, Entertainment",a letdown で「失望」「期待外れ」。
TP0147,A: Are you feeling okay? B: I'm a little ___ the weather.,in,on,under,over,2,体調が少し悪いこと。,idiom,easy,casual,Health,under the weather は体調不良を表す最も一般的なイディオムの一つ。
TP0148,A: Can you keep a secret? B: My lips are ___.,closed,locked,sealed,shut,2,秘密を絶対に漏らさないと約束すること。,idiom,medium,trustworthy,"Description, Action",My lips are sealed. で「口は堅いよ」。
TP0149,"A: I'm in a ___. Can you help me? B: Sure, what's wrong?",bind,tie,knot,loop,0,困った状況、窮地に陥っていること。,idiom,hard,casual,Action,be in a bind で「困った立場にある」。
TP0150,A: The meeting was a total waste of time. B: Tell me about ___!,that,it,this,them,1,相手の不満などに強く同意する表現。,casual,medium,casual,"Social, Emotion",Tell me about it! は「全くだよ！」「言われなくても分かってるよ！」という強い同意。
TP0151,A: I passed the driving test! B: ___!,Congratulations,Commendations,Celebrations,Salutations,0,成功や祝い事に対するお祝いの言葉。,casual,easy,enthusiastic,Social,おめでとう！の定番表現。
TP0152,"A: I'll pay for the drinks. B: No, let's split the ___.",check,bill,tab,all of the above,3,勘定を割り勘にすること。,dining,medium,casual,"Money, Food",split the bill/check/tab はいずれも「割り勘にする」の意味。
TP0153,A: He's a real couch ___. He never exercises.,tomato,potato,carrot,onion,1,ソファに座ってテレビばかり見ている怠惰な人。,idiom,easy,negative,"Daily Life, Emotion",a couch potato は怠け者を指す定番の表現。
TP0154,A: Keep an ___ on my bag while I go to the restroom. B: Sure.,eye,ear,hand,arm,0,目を離さないようにする、見張っておくこと。,idiom,easy,casual,"Action, Emotion",keep an eye on ~ で「～から目を離さない」。
TP0155,"A: I don't want to go to the party. B: Come on, don't be a party ___.",killer,crasher,pooper,stopper,2,座を白けさせる人、ノリの悪い人。,slang,medium,negative,Social,a party pooper で「雰囲気をぶち壊す人」。
TP0156,A: It's raining cats and ___. B: We'd better stay inside.,dogs,mice,birds,pigs,0,どしゃ降りの雨が降っていること。,idiom,easy,casual,Travel,rain cats and dogs で「土砂降りに降る」。
TP0157,A: Break a ___ on your performance tonight! B: Thanks!,arm,leg,back,neck,1,舞台に出る人などへの「頑張って」「幸運を祈る」という励ましの言葉。,idiom,medium,enthusiastic,"Action, Entertainment",演劇界から広まった、Good luck!の代わりの表現。
TP0158,A: We're on the same ___. Let's proceed with the plan.,page,book,paper,sheet,0,状況や考えについて、共通の理解を持っていること。,idiom,easy,professional,"Social, Work",be on the same page で「認識が一致している」。
TP0159,"A: The new phone costs an arm and a ___. B: I know, it's too expensive.",hand,foot,leg,toe,2,非常に値段が高いこと。,idiom,medium,casual,Money,cost an arm and a leg で「莫大な費用がかかる」。
TP0160,A: I'm feeling a bit blue today. B: Cheer ___!,out,up,in,on,1,元気を出すように励ます言葉。,casual,easy,friendly,"Action, Emotion",Cheer up! で「元気出して！」。
TP0161,A: I heard it through the ___. B: Is it true?,grapevine,tree,bush,leaf,0,噂で聞くこと。,idiom,hard,casual,Social,hear ~ through the grapevine で「～を噂で聞く」。
TP0162,A: Don't beat around the ___. Just tell me the truth.,tree,bush,corner,block,1,遠回しに言う、要点を避けること。,idiom,medium,firm,Communication,beat around the bush で「回りくどい言い方をする」。
TP0163,A: He's feeling under the ___. B: Let's give him some space.,gun,pressure,knife,weather,0,締め切りなどの強いプレッシャーにさらされていること。,idiom,hard,casual,Work,under the gun で「重圧を受けて」。
TP0164,A: I'll let you off the ___ this time. B: Thank you!,hook,line,sinker,rod,0,罰や責任から免除すること、見逃してやること。,idiom,medium,casual,"Emotion, Action",let someone off the hook で「（人）を窮地から救う」「見逃す」。
TP0165,A: It's a piece of ___. B: I can do it in 5 minutes.,pie,bread,cake,candy,2,非常に簡単なこと。,idiom,easy,casual,"Action, Work",a piece of cake で「朝飯前」。
TP0166,A: You hit the nail on the ___. B: Exactly!,top,head,point,mark,1,図星を指す、的を射た発言をすること。,idiom,medium,enthusiastic,"Social, Action",hit the nail on the head で「的を射る」。
TP0167,A: Let's play it by ___. B: Sounds good. We'll see how we feel.,eye,nose,ear,mouth,2,状況に応じて臨機応変に対応すること。,idiom,medium,casual,Action,play it by ear で「臨機応変にやる」。
TP0168,A: He spilled the ___ about the surprise party. B: Oh no!,coffee,tea,beans,water,2,うっかり秘密を漏らしてしまうこと。,idiom,medium,casual,"Description, Action",spill the beans で「秘密を漏らす」。
TP0169,A: We're starting from ___. B: Let's make a new plan.,zero,one,scratch,start,2,ゼロから、最初からやり直すこと。,idiom,medium,professional,Action,start from scratch で「ゼロから始める」。
TP0170,A: The ball is in your ___. B: I'll make a decision by tomorrow.,field,court,side,area,1,次はあなたが行動を起こす番である、決定権はあなたにあるということ。,idiom,medium,professional,Action,the ball is in someone's court で「（人）の責任（番）である」。
TP0171,A: I really don't want to go to the dentist. B: You just have to ___.,chew the bullet,swallow the bullet,spit the bullet,bite the bullet,3,嫌なことや避けて通れないことを我慢して受け入れること。,idiom,hard,casual,Emotion,bite the bulletで「困難に立ち向かう」「嫌なことを我慢する」という意味になります。
TP0172,"A: Did the new intern finish the project? B: No, he just couldn't ___.",chop the onion,peel the potato,cut the mustard,slice the cheese,2,期待される基準を満たす、十分な働きをすること。,idiom,hard,casual,Work,否定形で使われることが多く、「期待外れ」「基準に達しない」という意味になります。
TP0173,"A: That TV show used to be great, but now it's terrible. B: Yeah, it really ___.",skipped the fish,jumped the shark,leaped the whale,hopped the dolphin,1,テレビ番組などがピークを過ぎて質が低下し始めた転換点のこと。,idiom,hard,casual,"Action, Entertainment",アメリカのテレビドラマ「ハッピーデイズ」のエピソードに由来する表現です。
TP0174,A: Why did he blame you for the mistake? B: He completely threw me ___.,under the train,under the bus,under the truck,under the car,1,自分の利益や保身のために、仲間を裏切ったり犠牲にしたりすること。,idiom,hard,casual,"Social, Emotion",ビジネスや人間関係で、責任をなすりつけられた時によく使われます。
TP0175,A: What did you guys do all afternoon? B: We just sat on the porch and ___.,kicked the air,fired the wind,shot the breeze,punched the storm,2,とりとめもないおしゃべりをする、雑談すること。,idiom,hard,casual,"Social, Emotion",shoot the breezeで「気楽に雑談する」というアメリカ特有の表現です。
TP0176,A: He took on three new projects at once. B: I think he ___.,cooked more than he could eat,drank more than he could hold,ate more than he could swallow,bit off more than he could chew,3,自分の能力を超えた大きな仕事や責任を引き受けてしまうこと。,idiom,hard,casual,Work,bite off more than one can chewで「無理をする」「背伸びをする」という意味です。
TP0177,A: We need to solve this budget issue now. B: Let's not just ___.,kick the can down the road,push the rock up the hill,roll the tire down the street,throw the ball over the fence,0,問題の解決を先送りすること。,idiom,hard,professional,Action,政治やビジネスの文脈で、問題を後回しにする際によく使われる表現です。
TP0178,"A: The new software is so complicated. B: I know, I can't ___ it.",fold my mind around,wrap my head around,tie my brain around,twist my thoughts around,1,複雑なことや信じがたいことを理解したり受け入れたりすること。,idiom,hard,casual,"Communication, Learning",否定形で「どうしても理解できない」というニュアンスでよく使われます。
TP0179,"A: I don't like the new manager. B: Yeah, he ___.",scratches me the wrong way,strokes me the wrong way,rubs me the wrong way,brushes me the wrong way,2,（特に理由はないが）人をイライラさせたり、不快な気分にさせたりすること。,idiom,hard,casual,Social,猫の毛を逆撫ですることから派生した表現です。
TP0180,A: Suddenly everyone is wearing those ugly shoes. B: They all ___.,stepped on the boat,hopped on the train,climbed on the bus,jumped on the bandwagon,3,流行に乗る、時流に乗ること。,idiom,hard,casual,Action,jump on the bandwagonで「勝ち馬に乗る」「流行に便乗する」という意味になります。
TP0181,"A: Did you prepare a speech for the meeting? B: No, I'm just going to ___.",sail by the wind,fly by the seat of my pants,run by the shoes,drive by the steering wheel,1,計画や準備なしに、直感や経験に頼って行動すること。,idiom,hard,casual,Action,航空用語に由来し、勘を頼りに物事を進める時に使われます。
TP0182,"A: The client rejected our proposal. B: Well, it's ___.",back to the sketch pad,back to the white board,back to the drawing board,back to the note book,2,計画が失敗し、最初からやり直すこと。,idiom,hard,professional,Action,ビジネスで、計画を白紙に戻して再出発する時によく使われます。
TP0183,A: The new CEO is making changes on his first day. B: He really ___.,jumped the street walking,hit the ground running,touched the floor sprinting,stepped the earth jogging,1,新しい仕事や活動を、準備万端で勢いよく始めること。,idiom,hard,professional,"Action, Emotion",即戦力としてすぐに全力で活動を開始するニュアンスがあります。
TP0184,A: Why are you arguing against my idea? B: I'm just ___.,playing devil's advocate,playing demon's advocate,playing god's advocate,playing angel's advocate,0,議論を深めるために、あえて反対意見や批判的な立場をとること。,idiom,hard,professional,"Communication, Social",会議などで、別の視点を提供するためにわざと反論する時によく使われます。
TP0185,A: I have to work on the weekend while everyone else rests. B: You really ___.,got the bad half of the apple,got the small piece of the pie,got the wrong side of the bed,got the short end of the stick,3,不公平な扱いを受ける、貧乏くじを引くこと。,idiom,hard,casual,Action,取引や状況において、自分だけが損な役回りをさせられた時に使われます。
TP0186,"A: He thinks I stole his pen, but I didn't. B: He's ___.",meowing at the wrong door,barking up the wrong tree,chirping at the wrong window,howling at the wrong moon,1,見当違いをしている、間違った相手を非難していること。,idiom,hard,casual,"Action, Social",猟犬が獲物のいない木に向かって吠えることから来ています。
TP0187,"A: I was going to announce my engagement, but my sister announced her pregnancy first. B: She totally ___.",caught your storm,grabbed your rain,stole your thunder,took your lightning,2,他人の手柄や注目を横取りすること。,idiom,hard,casual,"Learning, Emotion",自分が主役になるはずだった場面で、他の人に話題を奪われた時に使われます。
TP0188,A: The rumor is spreading fast. B: We need to ___.,chop it at the stem,pluck it at the leaf,cut it at the root,nip it in the bud,3,問題が大きくなる前に、初期の段階で摘み取ること。,idiom,hard,professional,Action,nip ~ in the budで「未然に防ぐ」「初期段階で対処する」という意味です。
TP0189,"A: Did he prepare his remarks? B: No, he spoke completely ___.",off the cuff,off the sleeve,off the pocket,off the collar,0,即興で、準備なしに話したり行動したりすること。,idiom,hard,casual,"Action, Social",スピーチやコメントを即席で行う時によく使われる表現です。
TP0190,"A: I started reading about conspiracy theories on Wikipedia. B: Careful, don't ___.",fall into a snake pit,climb down a spider web,go down a rabbit hole,jump into a bear cave,2,ある話題や活動に深くのめり込み、抜け出せなくなること。,idiom,hard,casual,"Emotion, Technology",「不思議の国のアリス」に由来し、ネットサーフィンなどで時間を忘れる時によく使われます。
TP0191,"A: Who forgot to send the client the contract? B: Sorry, I ___.",fumbled the pass,dropped the ball,missed the catch,lost the game,1,ミスをする、責任を果たし損ねること。,idiom,hard,professional,"Action, Work",スポーツ（特に野球やアメフト）に由来し、自分の担当で失敗した時に使われます。
TP0192,"A: That question during the interview was so unexpected. B: Yeah, it came totally ___.",out of the dugout,out of right field,out of center field,out of left field,3,完全に予想外である、唐突であること。,idiom,hard,casual,"Emotion, Action",野球に由来し、思いがけない質問や出来事に対して使われます。
TP0193,"A: The manager quit, so someone needs to lead the team. B: It's time for you to ___.",walk up to the mound,run to the base,step up to the plate,slide into home,2,責任ある立場を引き受ける、困難な状況で行動を起こすこと。,idiom,hard,professional,Work,野球でバッターボックスに立つことから、責任を負う覚悟を決める時に使われます。
TP0194,"A: I wanted to tell him his idea was terrible, but I didn't. B: Good thing you ___.",shut your lips,held your breath,closed your mouth,bit your tongue,3,言いたいことをぐっとこらえる、黙っていること。,idiom,hard,casual,Communication,言ってはいけないことや、後悔しそうな発言を我慢した時に使われます。
TP0195,A: He invested all his savings in one startup. B: He shouldn't ___.,put all his eggs in one basket,put all his coins in one jar,put all his cards on one table,put all his apples in one bag,0,すべての資源や希望を一つのものに集中させること（リスクが高いこと）。,idiom,hard,professional,"Action, Money",投資やキャリアにおいて、リスクを分散させないことへの警告として使われます。
TP0196,"A: I can't believe we won! B: I know, it's ___!",grapes,bananas,apples,oranges,1,「信じられない」「狂っている」という意味のスラング。,slang,easy,casual,Emotion,驚きや興奮を表す時によく使われます
TP0197,A: I have to work late again. B: That ___!,licks,bites,sucks,chews,2,「最悪だ」「がっかりだ」という意味のカジュアルな表現。,slang,easy,casual,"Emotion, Social",不満を表す非常によく使われるスラングです
TP0198,A: I'm so hungry. B: Let's grab some ___!,club,scrub,tub,grub,3,「食べ物」「食事」という意味のスラング。,slang,easy,casual,Food,カジュアルに食事に誘う時によく使われます
TP0199,"A: Are you ready to go? B: Yeah, let's hit the ___!",road,way,street,path,0,「出発する」「旅に出る」という意味のイディオム。,idiom,easy,casual,Travel,どこかへ出かける際によく使われる表現です
TP0200,A: How much did that cost? B: An arm and a ___!,finger,hand,foot,leg,3,「非常に高価である」という意味のイディオム。,idiom,medium,casual,Money,値段が高すぎることを強調する時に使われます
TP0201,A: I'm really tired. B: Let's call it a ___!,night,day,month,week,1,「今日はこれで終わりにする」という意味の表現。,idiom,easy,casual,"Work, Action",仕事や作業を切り上げる時によく使われます
TP0202,"A: It's raining really hard. B: Yeah, it's raining cats and ___!",birds,fish,dogs,mice,2,「土砂降りの雨が降る」という意味の古いイディオム。,idiom,medium,casual,Travel,古典的な表現ですが、今でも時々使われます
TP0203,"A: Did you understand the joke? B: No, it went over my ___!",thoughts,mind,brain,head,3,「理解できない」「難しすぎる」という意味のイディオム。,idiom,medium,casual,"Communication, Learning",冗談や難しい話が理解できなかった時に使われます
TP0204,A: I'm feeling a bit sick. B: You look under the ___!,weather,rain,clouds,storm,0,「体調が悪い」という意味の一般的なイディオム。,idiom,easy,casual,Health,少し具合が悪いことを伝える丁寧な表現です
TP0205,"A: Good luck on your test! B: Thanks, I'll break a ___!",arm,foot,leg,hand,2,「頑張って」「幸運を祈る」という意味のイディオム。,idiom,medium,friendly,Action,舞台に立つ人への励ましの言葉から来ています
TP0206,"A: I want to quit. B: Don't give up, hang in ___!",out,there,on,here,1,「諦めずに頑張れ」という意味の励ましの言葉。,idiom,easy,friendly,Action,困難な状況にいる人を励ます時によく使われます
TP0207,"A: He's always complaining. B: Yeah, he's a pain in the ___!",arm,head,back,neck,3,「悩みの種」「厄介な人」という意味のイディオム。,idiom,medium,casual,Social,煩わしい人や物事を表す時によく使われます
TP0208,"A: I made a mistake. B: It's okay, we all mess ___!",up,down,out,in,0,「失敗する」「間違える」という意味のカジュアルな表現。,casual,easy,casual,"Action, Emotion",失敗を慰める時にもよく使われます
TP0209,"A: She solved the puzzle instantly. B: Yeah, she's a sharp ___!",cake,cookie,pie,candy,1,「頭が良い人」「抜け目ない人」という意味のイディオム。,idiom,medium,casual,"Learning, Social",賢い人を褒める時に使われる表現です
TP0210,A: Let's start the meeting. B: Let's get the ball ___!,bouncing,spinning,moving,rolling,3,「物事を始める」「軌道に乗せる」という意味のイディオム。,idiom,medium,professional,"Action, Work",プロジェクトや会議を始める時によく使われます
TP0211,A: Do you know when he'll arrive? B: Your guess is as good as ___!,hers,yours,mine,his,2,「私にも全く分からない」という意味の表現。,idiom,medium,casual,Learning,相手と同じくらい自分も知らないことを強調する時に使われます
TP0212,A: He's ignoring me. B: He's giving you the cold ___!,shoulder,arm,back,hand,0,「よそよそしい態度をとる」「無視する」という意味のイディオム。,idiom,medium,casual,"Social, Communication",意図的に冷たくあしらわれている時に使われます
TP0213,"A: Can you lend me $10? B: Sorry, I'm short on ___!",money,bills,coins,cash,3,「お金が足りない」「手持ちがない」という意味の表現。,casual,easy,casual,Money,現金を持っていない時によく使われます
TP0214,A: Let's go to the party. B: I'm down for ___!,everything,whatever,anything,something,1,「何でもいいよ」「賛成だよ」という意味のスラング。,slang,easy,casual,"Social, Action",提案に対して柔軟な姿勢を示す時に使われます
TP0215,A: I'm so stressed about the exam. B: Take it ___!,quiet,calm,easy,slow,2,「気楽にいこう」「落ち着いて」という意味の表現。,casual,easy,friendly,Emotion,別れの挨拶としてもよく使われます
TP0216,"A: He bought a mansion. B: Yeah, he's loaded with ___!",bread,dough,meat,cheese,1,「お金をたくさん持っている」という意味のスラング。,slang,medium,casual,Money,doughはお金を意味する古いスラングです
TP0217,A: I'm going to bed. B: Sweet ___!,night,sleep,dreams,rest,2,「良い夢を」という意味の寝る前の挨拶。,casual,easy,friendly,"Health, Social",親しい人に対してよく使われる表現です
TP0218,A: Watch out for the ball! B: Heads ___!,up,in,out,down,0,「気をつけて」「危ない」という意味の警告。,casual,easy,casual,"Emotion, Daily Life",何かが飛んできた時などに咄嗟に使われます
TP0219,A: This movie is so boring. B: You can say that ___!,loud,again,twice,more,1,「全くその通りだ」「大賛成だ」という意味の表現。,idiom,medium,casual,"Social, Communication",相手の意見に強く同意する時によく使われます
TP0220,"A: I have a great idea! B: Tell me, I'm all ___!",eyes,hands,ears,attention,2,「熱心に聞いている」「聞く耳を持っている」という意味のイディオム。,idiom,easy,friendly,"Communication, Learning",相手の話に興味があることを示す時に使われます
TP0221,A: It's a surprise party. B: Keep it under ___!,blankets,sheets,covers,wraps,3,「秘密にしておく」という意味のイディオム。,idiom,medium,casual,Description,まだ公表されていない計画などについて使われます
TP0222,A: He quit his job to become a clown. B: He's out of his ___!,thoughts,head,brain,mind,3,「正気ではない」「気が狂っている」という意味の表現。,idiom,easy,casual,Emotion,信じられない行動をとった人に対して使われます
TP0223,A: Let's share the bill. B: Let's go ___!,Dutch,Spanish,French,German,0,「割り勘にする」という意味のイディオム。,idiom,easy,casual,"Money, Food",食事の会計を分ける時によく使われます
TP0224,A: She got the job! B: She must be on cloud ___!,ten,nine,seven,eight,1,「とても幸せである」「有頂天である」という意味のイディオム。,idiom,medium,casual,Emotion,最高の気分であることを表現する時に使われます
TP0225,"A: Was the test hard? B: No, it was a piece of ___!",bread,cheese,cake,pie,2,「とても簡単である」という意味の定番イディオム。,idiom,easy,casual,"Action, Description",苦労せずにできることを表す時によく使われます
TP0226,"A: Did you finish the report? B: Stop asking, get off my ___!",neck,case,tail,back,3,「干渉しないで」「放っておいて」という意味の表現。,idiom,medium,rude,Social,しつこく言われてイライラしている時に使われます
TP0227,"A: Can you help me with this? B: Sorry, I have a lot on my ___!",dish,bowl,plate,table,2,「やるべきことがたくさんある」「忙しい」という意味のイディオム。,idiom,medium,professional,Work,仕事や予定が詰まっていることを丁寧に伝える時に使われます
TP0228,A: We're going to be late! B: Keep your shirt ___!,up,on,down,off,1,「落ち着いて」「慌てないで」という意味のカジュアルな表現。,idiom,medium,casual,Emotion,焦っている人をなだめる時に使われます
TP0229,"A: You won a million dollars?! B: No, I'm just pulling your ___!",leg,ear,arm,hair,0,「からかっているだけ」「冗談だよ」という意味のイディオム。,idiom,medium,casual,Emotion,相手をからかった後に種明かしをする時に使われます
TP0230,A: Let's finish this quickly. B: Let's make it ___!,rapid,fast,quick,snappy,3,「手早く済ませよう」「急いで」という意味の表現。,casual,medium,casual,Travel,作業を素早く終わらせたい時によく使われます
TP0231,"A: It's getting late. B: Yeah, I'm heading ___!",off,out,away,home,1,「出かける」「帰る」という意味のカジュアルな表現。,casual,easy,casual,Travel,その場から離れることを伝える時によく使われます
TP0232,A: He broke the window. B: He's in hot ___ now!,tea,soup,coffee,water,3,「面倒なことになっている」「窮地に陥っている」という意味のイディオム。,idiom,medium,casual,Action,怒られたり罰を受けたりしそうな状況で使われます
TP0233,A: The floor is wet. B: Watch your ___!,shoes,step,walk,feet,1,「足元に気をつけて」という意味の一般的な警告。,casual,easy,casual,"Emotion, Daily Life",滑りやすい場所や段差がある場所でよく使われます
TP0234,A: Why is he yelling? B: He's seeing ___!,red,blue,white,black,0,「激怒している」「頭に血が上っている」という意味のイディオム。,idiom,medium,casual,Emotion,怒りで周りが見えなくなっている状態を表します
TP0235,"A: How did you two meet? B: To make a long story ___, we met at a cafe.",brief,fast,short,quick,2,「手短に言うと」「要するに」という意味のイディオム。,idiom,easy,casual,Communication,長い話を端折って結論を言う時によく使われます
TP0236,A: Do you care what he thinks? B: I couldn't care ___!,much,less,more,at all,1,「全く気にしない」「どうでもいい」という意味の表現。,casual,medium,casual,Emotion,無関心であることを強く主張する時に使われます
TP0237,A: He watches TV all day. B: He's such a couch ___!,onion,carrot,potato,tomato,2,「一日中ソファーに座ってテレビばかり見ている怠け者」という意味のスラング。,slang,easy,casual,"Emotion, Daily Life",運動不足で怠惰な人をからかう時によく使われます
TP0238,A: How do you feel after the massage? B: I feel like a million ___!,dollars,bucks,bills,coins,1,「最高の気分だ」「とても体調が良い」という意味のイディオム。,idiom,medium,casual,"Health, Emotion",bucksはdollarsのスラングで、気分爽快な時に使われます
TP0239,"A: I'm moving to a new city. B: Good luck, and don't be a ___!",shadow,alien,ghost,stranger,3,「また連絡してね」「疎遠にならないでね」という意味の別れの挨拶。,casual,medium,friendly,Social,しばらく会えなくなる友人に対してよく使われます
TP0240,"A: I'm so tired of studying. B: Hang in ___, the exam is tomorrow!",there,here,out,on,0,「諦めずに頑張れ」「持ちこたえろ」という意味の励ましの言葉。,idiom,easy,friendly,Action,辛い状況にいる人を応援する時の定番フレーズです
TP0241,"A: He told everyone my secret! B: Yeah, he has a big ___!",teeth,lips,mouth,tongue,2,「口が軽い」「おしゃべりだ」という意味のイディオム。,idiom,easy,casual,"Description, Social",秘密を守れない人や余計なことを言う人に対して使われます
TP0242,"A: Are you ready for the game? B: Yeah, I'm pumped ___!",out,in,down,up,3,「気合が入っている」「とても興奮している」という意味のスラング。,slang,medium,casual,Emotion,試合やイベントの前に気分が高揚している時に使われます
TP0243,A: I forgot to bring the pen. B: It's no big ___!,problem,deal,thing,issue,1,「大したことない」「気にしないで」という意味の表現。,casual,easy,casual,Emotion,相手の小さなミスを許す時によく使われます
TP0244,"A: Do you have everything you need? B: Yeah, I'm good to ___!",move,start,leave,go,3,「準備万端だ」「いつでも出発できる」という意味のカジュアルな表現。,casual,easy,casual,Action,出かける前やプロジェクトを始める前によく使われます
TP0245,A: He's always tapping his pen. B: It really gets on my ___!,skin,nerves,mind,brain,1,「神経に障る」「イライラさせる」という意味のイディオム。,idiom,medium,casual,"Social, Emotion",誰かの行動が不快で我慢できない時に使われます
TP0246,"A: I'll finish this report today. B: Great, let's take this ___.",online,outside,offline,inside,2,会議の場から離れて後で個別に話すこと。,workplace,medium,professional,Work,リモート会議で頻出
TP0247,"A: The internet was cutting out. B: Yeah, you were frozen for a ___.",minute,hour,day,second,3,「ちょっとの間」という意味。,casual,easy,casual,"Work, Technology",ビデオ通話でよく使われる
TP0248,"A: Sorry, I was on mute. B: No worries, we've all been ___.",there,here,everywhere,nowhere,0,「自分も同じ経験がある」という共感。,casual,easy,friendly,"Work, Emotion",ビデオ通話での失敗に対する定番のフォロー
TP0249,A: Let's align on the goals. B: We need to make sure we're on the same ___.,book,page,sheet,paper,1,「共通認識を持つ」という意味。,workplace,easy,professional,"Work, Social",会議の目的確認でよく使われる
TP0250,"A: I have a hard stop at 3 PM. B: Okay, we'll ___ up before then.",tie,fold,wrap,pack,2,「終了する、まとめる」という意味。,workplace,medium,professional,"Work, Time",会議を時間通りに終わらせる時
TP0251,"A: Can you ping me later? B: Sure, I'll ___ you a message on Slack.",throw,hit,kick,shoot,3,「サッとメッセージを送る」という意味。,workplace,medium,casual,"Work, Communication",チャットツールでの連絡を指す
TP0252,A: We need more bandwidth for this project. B: I'm currently stretched too ___.,thin,thick,long,short,0,「手一杯で余裕がない」という意味。,workplace,medium,professional,Work,リソース不足を伝える時
TP0253,A: Let's circle back on this tomorrow. B: Sounds like a ___.,idea,plan,thought,choice,1,「それでいこう」という賛成の表現。,workplace,easy,casual,"Work, Social",提案に軽く同意する時
TP0254,"A: I'll share my screen. B: Okay, we can see your ___.",board,table,deck,desk,2,「プレゼン資料（スライド）」のこと。,workplace,medium,professional,Work,スライドの束（deck of cards）から来ている
TP0255,A: We're boiling the ocean here. B: Let's focus on the low-hanging ___.,leaves,branches,roots,fruit,3,「簡単に達成できる目標」のこと。,workplace,hard,professional,Work,すぐに成果が出せるものから着手する時
TP0256,"A: Did he text you back? B: No, he left me on ___.",read,seen,opened,viewed,0,「既読スルー」のこと。,texting,easy,casual,"Communication, Social",返信がない状態
TP0257,A: How was the Tinder date? B: He completely ___ me.,dogfished,catfished,birdfished,fishfished,1,「ネット上で別人になりすます」こと。,dating,medium,casual,"Social, Technology",写真と実物が全く違う時など
TP0258,"A: Are you guys officially dating? B: No, it's just a ___.",relationship,friendship,situationship,partnership,2,「友達以上恋人未満の曖昧な関係」のこと。,dating,hard,casual,Social,Z世代の間でよく使われる
TP0259,A: I think he likes me. B: He's definitely sliding into your ___.,PMs,texts,chats,DMs,3,「ダイレクトメッセージを送ってアプローチする」こと。,dating,medium,casual,"Social, Technology",SNSでのナンパやアプローチ
TP0260,A: She canceled our date again. B: She's totally ___ you along.,stringing,pulling,dragging,pushing,0,「気があるふりをして相手を振り回す」こと。,dating,medium,casual,Social,本気ではないのに関係を長引かせる時
TP0261,A: Why did you break up? B: He had too many red ___.,signs,flags,lights,marks,1,「危険信号、付き合うべきではない兆候」のこと。,dating,easy,casual,"Social, Emotion",相手のやばい部分を指す
TP0262,A: I can't stop checking his Instagram. B: Stop ___ him!,looking,watching,stalking,seeing,2,「SNSなどをこっそり監視する」こと。,dating,easy,casual,"Social, Technology",ストーカー行為だけでなく、SNSをこまめにチェックすることも指す
TP0263,A: He's always liking my stories. B: He's dropping ___.,signs,clues,notes,hints,3,「ほのめかす、サインを送る」こと。,dating,medium,casual,Social,直接言わずにアピールする時
TP0264,"A: Are you over your ex? B: Yeah, I'm ready to get back out ___.",there,here,in,out,0,「再び恋愛市場に戻る、出会いを探す」こと。,dating,medium,casual,Social,失恋から立ち直った時
TP0265,A: We matched on Bumble. B: You should make the first ___.,step,move,action,talk,1,「最初のアクションを起こす、アプローチする」こと。,dating,easy,casual,Social,自分から誘う時
TP0266,A: The neighbor's dog is barking again. B: I'm going to give them a piece of my ___.,brain,head,mind,thought,2,「文句を言う、説教する」こと。,casual,medium,rude,Social,怒って意見をぶつける時
TP0267,"A: Did you take out the trash? B: Yes, it's on the ___.",street,road,sidewalk,curb,3,「縁石（ゴミを出す場所）」のこと。,casual,easy,casual,Daily Life,ゴミ収集の日に使われる
TP0268,"A: Can I borrow your lawnmower? B: Sure, knock yourself ___.",out,in,down,up,0,「ご自由にどうぞ、遠慮なく」という意味。,casual,medium,friendly,Social,快く貸し出す時
TP0269,A: The HOA sent another warning. B: They are such a pain in the ___.,back,neck,arm,leg,1,「厄介な存在」のこと。HOAはHomeowners Association（管理組合）。,casual,medium,casual,Social,面倒な相手に対して
TP0270,A: Let's have a block party. B: I'll chip ___ for the food.,out,up,in,down,2,「お金を出し合う、カンパする」こと。,casual,easy,friendly,"Social, Entertainment",費用を分担する時
TP0271,A: The power went out. B: Let's dig ___ the flashlights.,up,in,down,out,3,「探し出す、引っ張り出す」こと。,casual,medium,casual,Daily Life,しまい込んでいたものを取り出す時
TP0272,A: My car broke down in the driveway. B: That's a ___ luck.,tough,bad,hard,rough,0,「不運だね」と同情する表現。,casual,easy,friendly,"Daily Life, Emotion",相手の不幸に寄り添う時
TP0273,A: We're having a garage sale. B: I need to get rid of some ___.,garbage,clutter,trash,waste,1,「ガラクタ、不要品」のこと。,casual,medium,casual,Daily Life,家の中の不用品を指す
TP0274,A: The kids are running through the sprinklers. B: Let them blow off some ___.,air,water,steam,heat,2,「ストレスを発散する、エネルギーを発散する」こと。,casual,medium,friendly,"Daily Life, Social",元気に遊ばせる時
TP0275,A: Can you keep an eye on my house? B: I'll watch it like a ___.,eagle,owl,falcon,hawk,3,「鋭い目で監視する、しっかり見張る」こと。,casual,hard,friendly,Social,留守番を頼まれた時など
TP0276,A: I didn't expect that question. B: It really came out of left ___.,field,court,base,pitch,0,「予想外の、突飛な」という意味。野球由来。,idiom,hard,casual,"Action, Emotion",思いがけない出来事に
TP0277,A: It's your turn to make a decision. B: The ball is in my ___.,field,court,base,pitch,1,「次は自分の番だ、決定権は自分にある」という意味。テニス由来。,idiom,medium,professional,Action,相手に判断を委ねられた時
TP0278,A: We're very close to finishing. B: We're at the one-yard ___.,mark,point,line,spot,2,「目標達成まであと一歩」という意味。アメフト由来。,idiom,hard,professional,"Action, Work",プロジェクトの最終段階で
TP0279,A: He handled the crisis perfectly. B: He really knocked it out of the ___.,field,stadium,court,park,3,「見事にやってのける、大成功する」という意味。野球（ホームラン）由来。,idiom,medium,friendly,"Action, Social",素晴らしい成果を褒める時
TP0280,A: Let's give it our best shot. B: We have to step up to the ___.,plate,base,mound,field,0,「責任を引き受ける、行動を起こす」という意味。野球由来。,idiom,medium,professional,"Action, Work",困難な状況に立ち向かう時
TP0281,A: He completely missed the point. B: He dropped the ___ on that one.,bat,ball,glove,helmet,1,「失敗する、ヘマをする」という意味。スポーツ全般由来。,idiom,medium,casual,Action,ミスを犯した時
TP0282,A: The negotiations are stuck. B: We need to play ___.,softball,baseball,hardball,football,2,「強硬な態度をとる、妥協しない」という意味。野球由来。,idiom,hard,professional,"Action, Work",厳しい交渉をする時
TP0283,A: He's the best programmer here. B: He's a heavy ___.,pitcher,catcher,runner,hitter,3,「有力者、実力者」という意味。野球由来。,idiom,hard,professional,"Action, Social",優秀な人物を指す
TP0284,A: They changed the requirements again. B: They keep moving the ___.,goalposts,bases,nets,lines,0,「ルールや基準を途中で変更する」という意味。サッカー・アメフト由来。,idiom,hard,casual,Action,不公平な変更に不満を持つ時
TP0285,A: We need a backup plan. B: Let's have someone waiting in the ___.,bullpen,wings,dugout,bench,1,「出番を待っている、控えている」という意味。演劇・スポーツ由来。,idiom,hard,professional,Action,代わりの準備をしている時
TP0286,A: I have to study all night. B: Time to hit the ___.,notes,pages,books,papers,2,「猛勉強する」という意味。,idiom,medium,casual,Learning,試験前によく使われる
TP0287,A: He's really annoying. B: He drives me up the ___.,roof,ceiling,door,wall,3,「人をひどくイライラさせる」という意味。,idiom,medium,casual,Social,我慢の限界に近い時
TP0288,A: Let's not argue about the past. B: It's water under the ___.,bridge,road,street,path,0,「過ぎたこと、もう終わったこと」という意味。,idiom,medium,casual,Emotion,過去の揉め事を水に流す時
TP0289,A: I'm feeling a bit sick. B: You look a little under the ___.,rain,weather,clouds,storm,1,「体調が優れない」という意味。,idiom,easy,casual,Health,少し具合が悪い時
TP0290,A: That sounds completely crazy. B: You're pulling my ___.,arm,hair,leg,ear,2,「からかっているんでしょ、冗談でしょ」という意味。,idiom,medium,casual,Emotion,信じられない話を聞いた時
TP0291,A: We'll see what happens. B: Let's cross that bridge when we come to ___.,them,there,here,it,3,「その時になったら考える」という意味。,idiom,medium,casual,Time,先のことを今心配しても仕方ない時
TP0292,A: I'll tell you a secret. B: I'm all ___.,ears,eyes,hands,attention,0,「熱心に聞くよ、聞く耳を持ってるよ」という意味。,idiom,easy,friendly,Communication,相手の話に興味がある時
TP0293,A: He always talks about his plans but does nothing. B: He's all talk and no ___.,walk,action,move,step,1,「口先だけで行動が伴わない」という意味。,idiom,easy,casual,Social,口だけの人を批判する時
TP0294,A: It's very expensive. B: It costs an arm and a ___.,foot,hand,leg,finger,2,「莫大な費用がかかる」という意味。,idiom,medium,casual,Money,値段が高すぎる時
TP0295,A: Let's stop working for today. B: Let's call it a ___.,night,week,month,day,3,「今日はここまでにしよう」という意味。,idiom,easy,casual,Work,作業を切り上げる時
TP0296,"A: Can I get a ride? B: Sure, call ___!",window,back seat,shotgun,front seat,2,助手席に乗ることを「shotgun」と呼びます。,slang,easy,casual,Travel,誰よりも早く助手席を確保したい時に使います。
TP0297,A: Why are we stopping? B: We need to ___ at the next station.,fill out,fill down,fill in,fill up,3,ガソリンを満タンにすることを「fill up」と言います。,idiom,easy,casual,Travel,車のガソリンを入れる際によく使われます。
TP0298,"A: Are we there yet? B: No, just ___ and relax.",strap in,buckle up,belt on,tie up,1,シートベルトを締めることを「buckle up」と言います。,idiom,easy,casual,"Travel, Daily Life",出発する時や危険な状況に備える時に使います。
TP0299,"A: The traffic is terrible! B: Yeah, it's ___ all the way to downtown.",car to car,door to door,bumper to bumper,wheel to wheel,2,渋滞で車が数珠つなぎになっている状態。,idiom,medium,casual,Travel,ひどい渋滞を表現する時によく使われます。
TP0300,A: Did you see that guy? He completely ___ me off!,cut,slice,break,tear,0,車の前に急に割り込むことを「cut someone off」と言います。,idiom,medium,casual,Travel,危険な運転に対して怒っている時によく使われます。
TP0301,A: What happened to your car? B: I got a ___ tire on the highway.,popped,dead,broken,flat,3,パンクしたタイヤを「flat tire」と呼びます。,vocabulary,easy,casual,"Travel, Action",車のトラブルを説明する定番の表現です。
TP0302,A: Are you ready for the road trip? B: Let's ___!,strike the way,punch the path,hit the road,beat the street,2,出発する、旅に出るという意味のイディオム。,idiom,easy,casual,Travel,ドライブや旅行を始める時によく使われます。
TP0303,"A: You're driving too fast! B: Relax, I'm just putting the pedal to the ___.",floor,ground,plastic,metal,3,アクセルを全開にする、スピードを出すという意味。,idiom,medium,casual,Travel,全力で急ぐ時にも比喩的に使われます。
TP0304,"A: We need to go faster! B: Okay, ___ it!",step on,walk on,jump on,run on,0,アクセルを踏む、急ぐという意味。,idiom,easy,casual,Travel,誰かに急ぐよう促す時に使われます。
TP0305,A: My car broke down. B: You should ___ over to the side of the road.,drag,pull,push,slide,1,車を道の端に寄せて止めることを「pull over」と言います。,phrasal_verb,medium,casual,Travel,警察に止められる時にも使われます。
TP0306,A: Are you hungry? B: I could ___ a horse!,feed,ride,cook,eat,3,非常に空腹であることを表す大げさな表現。,idiom,easy,casual,Food,とてもお腹が空いている時に使います。
TP0307,"A: How do you want your eggs? B: ___ side up, please.",Cloudy,Sunny,Rainy,Snowy,1,目玉焼きの片面焼きを「sunny side up」と言います。,vocabulary,easy,casual,Food,朝食を注文する時の定番フレーズです。
TP0308,A: The bill is $50. B: Let's go ___.,French,German,Spanish,Dutch,3,割り勘にすることを「go Dutch」と言います。,idiom,medium,casual,"Food, Money",友人同士で食事代を分ける時によく使われます。
TP0309,"A: Have some more cake! B: No thanks, I'm ___.",stuffed,filled,loaded,packed,0,お腹がいっぱいであることを「stuffed」と言います。,slang,easy,casual,Food,食べ過ぎて苦しい時によく使われます。
TP0310,"A: Let's get some takeout tonight. B: Sounds good, I'm ___ for pizza.",left,right,up,down,3,提案に賛成する、乗り気であることを「down for」と言います。,slang,easy,casual,"Food, Social",食べたいものを提案された時によく使われます。
TP0311,A: Can I have a ___ of your sandwich?,swallow,chew,bite,taste,2,一口もらうことを「have a bite」と言います。,vocabulary,easy,casual,Food,友達の食べ物を少し味見したい時に使います。
TP0312,A: I have a ___ tooth. I love chocolate!,candy,sugar,sweet,cake,2,甘党であることを「have a sweet tooth」と言います。,idiom,easy,casual,Food,甘いものが好きなことを伝える定番の表現です。
TP0313,A: Let's ___ in! The food is getting cold.,fall,dive,jump,dig,3,食べ始めることを「dig in」と言います。,idiom,easy,casual,Food,食事を始める時のカジュアルな掛け声です。
TP0314,A: This soup is ___! It's so good.,earth,fire,wind,water,1,非常に素晴らしい、美味しいことを「fire」と言います。,slang,medium,casual,"Food, Social",若者の間でよく使われる褒め言葉です。
TP0315,A: Do you want dessert? B: I'll ___. I'm on a diet.,pass,drop,miss,skip,0,断ることを「pass」と言います。,vocabulary,easy,casual,"Food, Communication",食べ物や飲み物を丁寧に断る時によく使われます。
TP0316,"A: Can you lend me $20? B: Sorry, I'm ___ right now.",breaking,break,broke,broken,2,お金がない、金欠であることを「broke」と言います。,slang,easy,casual,Money,友達にお金を借りられない時によく使われます。
TP0317,"A: That jacket looks expensive. B: Yeah, it cost an arm and a ___.",hand,foot,finger,leg,3,非常に高価であることを表すイディオム。,idiom,medium,casual,Money,値段が高すぎることに驚いた時などに使われます。
TP0318,A: How much was the concert ticket? B: It was a ___. Only $10!,steal,robbery,crime,theft,0,非常に安い、お買い得であることを「a steal」と言います。,idiom,medium,casual,Money,破格の値段で買い物ができた時に使われます。
TP0319,A: We need to ___ back on our spending.,tear,chop,cut,slice,2,節約する、出費を減らすことを「cut back」と言います。,phrasal_verb,medium,casual,Money,予算を見直す時によく使われます。
TP0320,A: He's making money hand over ___.,thumb,palm,wrist,fist,3,どんどんお金を稼ぐ、大儲けすることを表すイディオム。,idiom,hard,casual,Money,ビジネスが大成功している時などに使われます。
TP0321,A: I can't afford a new car. I'm living paycheck to ___.,paycheck,pocket,wallet,bank,0,ギリギリの生活をしている、給料から給料への生活。,idiom,medium,casual,Money,貯金がなく、生活が苦しいことを表します。
TP0322,"A: Dinner is on me tonight. B: Are you sure? B: Yes, it's my ___.",present,offer,gift,treat,3,自分が奢るということを「my treat」と言います。,vocabulary,easy,casual,"Money, Food",友達に食事をご馳走する時によく使われます。
TP0323,A: I need to ___ up for a new laptop.,hold,store,save,keep,2,お金を貯めることを「save up」と言います。,phrasal_verb,easy,casual,Money,特定の目的のために貯金する時に使われます。
TP0324,"A: He's so rich, he's ___ in money!",rolling,jumping,swimming,running,0,大金持ちであることを「rolling in money」と言います。,idiom,medium,casual,Money,非常に裕福な人を大げさに表現する時に使われます。
TP0325,A: Can you ___ me a few bucks?,dot,mark,point,spot,3,少額のお金を貸すことを「spot」と言います。,slang,medium,casual,Money,友達に少しだけお金を立て替えてもらう時によく使われます。
TP0326,"A: Have you seen the new movie? B: No, no ___ please!",surprises,secrets,spoilers,ruins,2,結末や重要な展開をばらすことを「spoiler」と言います。,vocabulary,easy,casual,Entertainment,まだ見ていない作品のネタバレを防ぐ時によく使われます。
TP0327,"A: I watched the whole season in one weekend. B: Wow, you really ___-watched it!",sprint,binge,dash,marathon,1,イッキ見することを「binge-watch」と言います。,slang,medium,casual,Entertainment,ドラマなどを休まずに見続ける時によく使われます。
TP0328,"A: The concert is sold out! B: Yeah, it's a full ___.",house,building,room,stadium,0,満席であることを「full house」と言います。,idiom,medium,casual,Entertainment,イベントや劇場が満員である時によく使われます。
TP0329,A: That new song is so catchy. It's a total ___!,striker,hitter,banger,smasher,2,素晴らしい曲、ノリの良い曲を「banger」と言います。,slang,medium,casual,Entertainment,特にクラブミュージックやヒップホップでよく使われます。
TP0330,"A: Did you hear the new album? B: Yeah, it ___!",slaps,punches,hits,kicks,0,音楽が最高である、素晴らしいことを「slap」と言います。,slang,medium,casual,Entertainment,若者の間で曲を褒める時によく使われます。
TP0331,A: I can't stop listening to this song. It's on ___ in my head.,loop,repeat,replay,return,1,何度も繰り返されることを「on repeat」と言います。,idiom,easy,casual,Entertainment,お気に入りの曲を何度も聴く時によく使われます。
TP0332,"A: The movie was okay, but the ending fell ___.",short,down,low,flat,3,期待外れに終わることを「fall flat」と言います。,idiom,medium,casual,Entertainment,冗談や演出が滑った時にも使われます。
TP0333,A: She really stole the ___ with her performance.,stage,light,show,scene,2,話題を独占する、主役を食うことを「steal the show」と言います。,idiom,medium,casual,Entertainment,誰かが際立って素晴らしかった時によく使われます。
TP0334,A: I'm a huge ___ of that band.,breeze,air,wind,fan,3,大ファンであることを「huge fan」と言います。,vocabulary,easy,casual,Entertainment,好きなアーティストや作品を伝える時の定番フレーズです。
TP0335,"A: Let's go see a play. B: Sure, I love live ___.",theater,stage,acting,drama,0,演劇や舞台を「live theater」と言います。,vocabulary,easy,casual,Entertainment,映画ではなく生の舞台を見に行く時によく使われます。
TP0336,A: How do you feel about the test? B: I'm ___ out!,panicking,freaking,scaring,terrifying,1,パニックになる、ひどく怯えることを「freak out」と言います。,phrasal_verb,easy,casual,Emotion,驚いたり、パニックになったりした時によく使われます。
TP0337,A: I won the lottery! B: I'm ___ for you!,glad,happy,thrilled,excited,2,非常にワクワクしている、喜んでいることを「thrilled」と言います。,vocabulary,medium,casual,Emotion,とても嬉しいニュースを聞いた時によく使われます。
TP0338,A: He broke my phone! B: You must be ___.,upset,mad,angry,furious,3,激怒していることを「furious」と言います。,vocabulary,medium,casual,Emotion,普通の怒りよりもはるかに強い怒りを表します。
TP0339,A: I failed the exam. B: I'm so ___.,sad,devastated,unhappy,down,1,ひどく落ち込んでいる、打ちのめされていることを「devastated」と言います。,vocabulary,medium,casual,Emotion,非常に悲しい出来事があった時によく使われます。
TP0340,A: I have to give a speech tomorrow. I'm a nervous ___.,wreck,ship,car,boat,0,極度に緊張している状態を「nervous wreck」と言います。,idiom,medium,casual,Emotion,緊張でボロボロになっている時に使われます。
TP0341,A: She was ___ to tears by his kindness.,pulled,touched,pushed,moved,3,感動して涙を流すことを「moved to tears」と言います。,idiom,medium,casual,Emotion,心を打たれて泣いてしまった時によく使われます。
TP0342,A: I can't believe he lied to me. I'm completely ___.,brain-blown,thought-blown,mind-blown,head-blown,2,非常に驚いている、ショックを受けていることを「mind-blown」と言います。,slang,medium,casual,Emotion,信じられないような事実を知った時によく使われます。
TP0343,"A: After the long hike, I was completely ___.",exhausted,tired,sleepy,fatigued,0,極度に疲労していることを「exhausted」と言います。,vocabulary,easy,casual,Emotion,ただ疲れているだけでなく、疲れ切っている時に使われます。
TP0344,"A: When I saw the spider, I jumped out of my ___.",clothes,bones,body,skin,3,非常に驚くことを「jump out of one's skin」と言います。,idiom,medium,casual,Emotion,突然のことにひどくビックリした時によく使われます。
TP0345,A: I'm so ___ to see you again!,pushed,pumped,pulled,pressed,1,非常に興奮している、気合が入っていることを「pumped」と言います。,slang,medium,casual,Emotion,楽しみな予定に向けてワクワクしている時によく使われます。
TP0346,"A: You still down to go?
B: Yeah, I'm ___.",busy,down,late,lost,1,「行く気がある」「乗り気である」という意味。,casual,easy,casual,"Social, Action",誘いに乗る時によく使われます。
TP0347,"A: Can you send me that later?
B: ___.",Bet,Yet,Set,Let,0,「OK」「了解」という意味のスラング。,slang,easy,casual,"Social, Communication",軽い了承の返事として使われます。
TP0348,"A: You want some?
B: Nah, I'm ___.",good,late,lost,stuck,0,「いらない」「大丈夫」と丁寧に断る表現。,casual,easy,casual,Communication,何かを勧められて断る時の定番フレーズです。
TP0349,"A: My bad, I totally forgot.
B: You're ___.",late,good,wrong,done,1,「大丈夫」「気にしてないよ」という意味。,casual,easy,friendly,Emotion,謝罪を受け入れる時によく使われます。
TP0350,"A: This week has been brutal.
B: Yeah, I ___ you.",see,know,feel,watch,2,「わかる」「共感する」という意味。,casual,easy,friendly,"Emotion, Social",相手の苦労や感情に共感する時に使われます。
TP0351,"A: Wanna go out tonight?
B: I'm not really ___ it.",on,at,with,feeling,3,「気が乗らない」という意味。,casual,medium,casual,"Communication, Emotion",誘いをやんわりと断る時に使われます。
TP0352,"A: Long day?
B: Yeah, I'm ___.",wiped,ready,early,open,0,「めっちゃ疲れた」「ヘトヘトだ」という意味。,slang,medium,casual,Emotion,exhaustedのカジュアルな表現です。
TP0353,"A: Still good for tonight?
B: Can we take a rain ___?",look,turn,check,call,2,「また今度にする」「延期する」という意味。,idiom,medium,polite,"Time, Communication",予定を丁寧に延期したい時によく使われます。
TP0354,"A: You still coming?
B: Something came ___.",in,out,up,off,2,「急用が入った」という意味。,phrasal_verb,easy,casual,"Action, Time",予定をキャンセルする際の定番の言い訳です。
TP0355,"A: Who messed up the order?
B: That's on ___.",me,you,them,us,0,「自分の責任だ」という意味。,casual,easy,casual,"Work, Social",自分のミスを認める時に使われます。
TP0356,"A: This place is fire.
B: For ___.",real,sure,once,right,1,「確かに」「ほんとそれ」と強く同意する表現。,slang,easy,casual,Social,相手の意見に完全に同意する時に使われます。
TP0357,"A: She actually apologized.
B: Didn't see that ___.",going,leaving,happening,coming,3,「予想してなかった」「意外だった」という意味。,idiom,medium,casual,"Emotion, Action",思いがけないことが起きた時に使われます。
TP0358,"A: He bailed again.
B: Saw that ___.",early,late,soon,coming,3,「そうなると思った」「予想通りだ」という意味。,idiom,medium,casual,Action,予想通りの結果になった時に使われます。
TP0359,"A: The weather looks awful.
B: Yeah, let's call it ___.",on,in,out,off,3,「中止する」という意味。,phrasal_verb,easy,casual,"Time, Action",予定やイベントを取りやめる時によく使われます。
TP0360,"A: You gonna apply?
B: I'm still on the ___.",edge,fence,line,side,1,「迷っている」「決めかねている」という意味。,idiom,medium,casual,"Action, Emotion",どちらにするか決められない時に使われます。
TP0361,"A: This is the best pizza ever.
B: I wouldn't go that ___.",long,deep,far,high,2,「そこまでは言わない」「言い過ぎだ」という意味。,idiom,medium,casual,Communication,相手の極端な意見をやんわり否定する時に使われます。
TP0362,"A: It might be too expensive.
B: Fair ___.",idea,plan,point,call,2,「それは一理ある」「もっともだ」という意味。,casual,easy,casual,Social,相手の指摘を認める時に使われます。
TP0363,"A: I might just quit.
B: Are you ___?",serious,ready,late,done,0,「本気？」「冗談でしょ？」と確認する表現。,casual,easy,casual,"Emotion, Communication",信じられない発言に対して使われます。
TP0364,"A: He paid for everyone.
B: No ___.",time,way,place,deal,1,「まさか」「信じられない」という意味。,casual,easy,casual,Emotion,驚くべき事実を聞いた時によく使われます。
TP0365,"A: She backed out.
B: Wait, what do you ___?",say,tell,mean,make,2,「どういう意味？」「何の話？」と尋ねる表現。,casual,easy,casual,"Communication, Learning",相手の発言の意図を確認したい時に使われます。
TP0366,"A: It got weird after that.
B: How ___?",come,then,now,so,3,「どういうこと？」「なぜ？」と理由を尋ねる表現。,casual,medium,casual,Communication,相手にもっと詳しく説明してほしい時に使われます。
TP0367,"A: I said we're leaving at 8.
B: Sorry, I didn't ___ that.",make,do,catch,take,2,「聞き取れなかった」という意味。,casual,easy,polite,Communication,相手の言葉を聞き逃した時によく使われます。
TP0368,"A: I missed the whole meeting.
B: What's the ___?",thing,gist,time,place,1,「要点」「ざっくりした内容」という意味。,vocabulary,medium,casual,"Communication, Work",話の要点だけを手短に聞きたい時に使われます。
TP0369,"A: You get what I'm saying?
B: More or ___.",better,worse,again,less,3,「だいたい」「多かれ少なかれ」という意味。,idiom,medium,casual,Communication,完全にではないが、大体理解した時に使われます。
TP0370,"A: You like the new design?
B: Low-key, ___.",no,why,yeah,now,2,「地味にいい」「正直ちょっと好き」という意味。,slang,medium,casual,Communication,密かに、あるいは控えめに肯定する時に使われます。
TP0371,"A: You like it?
B: Not gonna ___, it's pretty good.",say,tell,speak,lie,3,「正直言って」「嘘はつかないけど」という意味。,casual,easy,casual,Communication,本音を言う前置きとしてよく使われます。
TP0372,"A: That was awkward.
B: Yeah, pretty ___.",less,more,close,much,3,「ほぼそう」「かなりそう」と強く同意する表現。,casual,easy,casual,"Social, Communication",相手の意見に「その通りだ」と賛同する時に使われます。
TP0373,"A: Wait, are you serious?
B: Nah, I'm just ___ with you.",talking,messing,waiting,leaving,1,「からかってるだけ」「冗談だよ」という意味。,casual,medium,casual,Emotion,冗談を言った後に種明かしをする時に使われます。
TP0374,"A: I can keep going.
B: Don't overdo ___.",this,that,them,it,3,「無理しすぎるな」という意味。,casual,easy,friendly,Emotion,相手が頑張りすぎている時に気遣う表現です。
TP0375,"A: What if this doesn't work?
B: We'll figure it ___.",in,up,out,off,2,「なんとかする」「解決策を見つける」という意味。,phrasal_verb,easy,casual,Action,困難な状況でも前向きな姿勢を示す時に使われます。
TP0376,"A: This feels risky.
B: Let's think it ___.",out,up,over,through,3,「よく考える」「最後まで考え抜く」という意味。,phrasal_verb,medium,professional,"Learning, Action",慎重に検討する必要がある時に使われます。
TP0377,"A: Can you check my draft?
B: Yeah, I'll look it ___.",up,out,over,through,2,「ざっと確認する」「目を通す」という意味。,phrasal_verb,easy,professional,"Learning, Work",書類などを軽くチェックする時によく使われます。
TP0378,"A: Do you know what that means?
B: I'll look it ___.",out,up,over,through,1,「調べる」「検索する」という意味。,phrasal_verb,easy,casual,Learning,辞書やインターネットで情報を探す時に使われます。
TP0379,"A: Did you find the link?
B: Yeah, I tracked it ___.",up,in,off,down,3,「見つけ出す」「探し出す」という意味。,phrasal_verb,medium,casual,Learning,苦労して何かを見つけた時によく使われます。
TP0380,"A: Sorry, I forgot.
B: It's not a big ___.",job,plan,deal,seat,2,「大したことない」「気にしないで」という意味。,casual,easy,friendly,Emotion,相手の謝罪に対して気にしていないことを伝える表現です。
TP0381,"A: I totally blanked.
B: It happens ___.",never,early,later,sometimes,3,「よくあるよ」「仕方ないよ」という意味。,casual,easy,friendly,"Emotion, Action",ミスをした相手を慰める時によく使われます。
TP0382,"A: That was kinda awkward.
B: Yeah, but ___.",whatever,whenever,wherever,whoever,0,「まあいいか」「どうでもいい」という意味。,casual,easy,casual,"Emotion, Action",気にするのをやめて次に進む時に使われます。
TP0383,"A: Anyway, let's get back to the ___.",room,line,point,seat,2,「本題に戻る」という意味。,casual,medium,professional,"Social, Work",話が脱線した後に元に戻す時によく使われます。
TP0384,"A: Did you bring your ID?
B: Oh, good ___.",time,place,seat,call,3,「よく気づいた」「いい判断だ」という意味。,casual,easy,casual,"Social, Action",相手の適切な指摘や行動を褒める時に使われます。
TP0385,"A: Should we leave now or later?
B: Your ___.",time,place,turn,call,3,「君に任せる」「君が決めて」という意味。,casual,easy,casual,Action,決定権を相手に委ねる時によく使われます。
TP0386,"A: I'll ask him and see.
B: Keep me ___.",ready,late,done,posted,3,「進捗を教えて」「最新情報を知らせて」という意味。,idiom,easy,professional,Communication,状況が変わったら連絡してほしい時に使われます。
TP0387,"A: Well, that got quiet.
B: Yeah, awkward ___.",timing,silence,weather,meeting,1,「気まずい沈黙」という意味。,vocabulary,easy,casual,"Description, Social",会話が途切れて変な空気になった時に使われます。
TP0388,"A: I should probably head out.
B: Yeah, no ___.",rush,chair,window,worries,3,「大丈夫」「気にしないで」という意味。,casual,easy,friendly,"Emotion, Social",相手が帰る時などに気遣う表現として使われます。
TP0389,"A: How was the party?
B: It was ___.",bad,late,lit,lost,2,「最高」「めっちゃ楽しい」という意味のスラング。,slang,easy,casual,"Entertainment, Social",イベントやパーティーが盛り上がった時に使われます。
TP0390,"A: Did you tell her?
B: No, but I think she's onto ___.",me,you,them,us,3,「私たちのことに気づいている」「ばれている」という意味。,idiom,medium,casual,"Description, Action",秘密が相手にバレそうになっている時に使われます。
TP0391,"A: He keeps interrupting me.
B: That's so ___.",funny,annoying,good,weird,1,「イライラする」「うざい」という意味。,vocabulary,easy,casual,"Social, Emotion",不快なことや迷惑な行動に対して使われます。
TP0392,"A: I'm freaking out!
B: Hey, just chill ___.",out,in,up,off,0,「落ち着く」「リラックスする」という意味。,phrasal_verb,easy,casual,Emotion,パニックになっている人をなだめる時によく使われます。
TP0393,"A: I won the lottery!
B: For ___?",sure,now,real,good,2,「まじで？」「本当に？」という意味。,casual,easy,casual,"Emotion, Communication",信じられない話を聞いて確認する時に使われます。
TP0394,"A: He hasn't replied in a week.
B: Looks like you got ___.",lost,left,ghosted,dropped,2,「連絡を無視される」「音信不通にされる」という意味。,slang,medium,casual,"Social, Communication",急に連絡が取れなくなった時によく使われます。
TP0395,"A: I'm free this weekend.
B: Cool, ___.",hit me up,call me up,get me up,take me up,0,「連絡して」という意味のスラング。,slang,easy,casual,"Social, Action",後で連絡を取り合うことを約束する時に使われます。
TP0396,"A: I can't believe they fired him over that.
B: Yeah, it seems like a total ___.",foot-tap reaction,hand-wave reaction,eye-blink reaction,knee-jerk reaction,3,熟慮せずに感情的にすぐ反応すること。,idiom,hard,casual,"Emotion, Work",衝動的な決定に対して使われます。
TP0397,"A: The project is completely ruined.
B: We need to do damage ___.",repair,control,fix,check,1,悪化した状況の被害を最小限に抑えること。,idiom,hard,professional,"Work, Action",危機管理の文脈でよく使われます。
TP0398,"A: She completely ignored my advice.
B: She's always been ___.",light-headed,thick-headed,soft-headed,hard-headed,3,頑固で他人の意見を聞かないこと。,vocabulary,hard,casual,"Emotion, Description",頑固な人に対して否定的なニュアンスで使われます。
TP0399,"A: Are you sure this is a good idea?
B: I'm just playing ___.",saint's advocate,god's advocate,devil's advocate,angel's advocate,2,議論を深めるために、あえて反対意見を述べること。,idiom,hard,professional,"Communication, Work",会議などで別の視点を提供する時に使われます。
TP0400,"A: We've been working on this for 12 hours.
B: Let's call it a ___.",day,shift,night,time,0,その日の仕事を終わりにすること。,idiom,hard,casual,"Work, Time",長時間の作業を切り上げる時によく使われます。
TP0401,"A: The CEO's speech was full of empty promises.
B: Just a lot of ___.",warm breeze,cool draft,cold wind,hot air,3,中身のない言葉や自慢話。,idiom,hard,casual,"Communication, Social",信用できない発言に対して使われます。
TP0402,"A: He always takes credit for my work.
B: That's so ___.",backhanded,forehanded,overhanded,underhanded,3,卑劣な、または不正なやり方。,vocabulary,hard,casual,"Work, Emotion",陰険な行動に対して使われます。
TP0403,"A: We need to finish this by tomorrow.
B: It's going to go down to the ___.",string,wire,thread,line,1,期限ギリギリまで結果がわからない、または作業が続くこと。,idiom,hard,casual,"Time, Work",締め切り直前の緊迫した状況で使われます。
TP0404,"A: She's trying to get me fired.
B: You need to watch your ___.",head,front,back,side,2,警戒を怠らないこと、特に裏切りに対して。,idiom,hard,casual,"Social, Action",危険な人物や状況に対して警告する時に使われます。
TP0405,"A: The new system is so much better.
B: It's a game ___.",changer,breaker,player,maker,0,状況を劇的に変える画期的なもの。,idiom,hard,casual,"Work, Action",革新的なアイデアや製品に対して使われます。
TP0406,"A: I don't know how to fix this issue.
B: We're in uncharted ___.",spaces,lands,skies,waters,3,未知の領域や経験したことのない状況。,idiom,hard,professional,"Work, Action",前例のない問題に直面した時に使われます。
TP0407,"A: He's always complaining about everything.
B: He's such a wet ___.",sheet,pillow,blanket,towel,2,他人の楽しみを台無しにする人。,idiom,hard,casual,"Emotion, Social",場を白けさせる人に対して使われます。
TP0408,"A: I'm not sure if I can trust him.
B: Take his words with a grain of ___.",pepper,spice,sugar,salt,3,話を鵜呑みにせず、少し疑ってかかること。,idiom,hard,casual,"Communication, Social",誇張しがちな人の話を聞く時に使われます。
TP0409,"A: We need to start from the beginning.
B: Back to the drawing ___.",desk,board,paper,table,1,計画が失敗し、最初からやり直すこと。,idiom,hard,professional,"Work, Action",振り出しに戻った時によく使われます。
TP0410,"A: He's trying to do too many things at once.
B: He's spreading himself too ___.",thin,long,wide,far,0,手を広げすぎて、どれも中途半端になること。,idiom,hard,casual,"Work, Action",キャパオーバーになっている人に対して使われます。
TP0411,"A: The project is failing, and everyone is blaming each other.
B: It's a complete ___.",boat sink,car crash,plane crash,train wreck,3,大惨事、または完全に失敗した状況。,idiom,hard,casual,"Work, Emotion",取り返しのつかない大失敗に対して使われます。
TP0412,"A: I can't figure out this math problem.
B: It's completely over my ___.",thoughts,head,mind,brain,1,難しすぎて理解できないこと。,idiom,hard,casual,"Learning, Emotion",自分の理解を超えている時に使われます。
TP0413,"A: She's always trying to one-up me.
B: She has a real chip on her ___.",neck,arm,shoulder,back,2,過去の不満や劣等感から、喧嘩腰であること。,idiom,hard,casual,"Emotion, Social",常に反抗的な態度をとる人に対して使われます。
TP0414,"A: We need to make a decision now.
B: It's crunch ___.",minute,second,hour,time,3,重要な決断を下すべき、または結果を出すべき正念場。,idiom,hard,casual,"Time, Work",プレッシャーのかかる重要な局面で使われます。
TP0415,"A: He completely lost his temper during the meeting.
B: He really flew off the ___.",handle,switch,knob,lever,0,突然激怒すること。,idiom,hard,casual,"Emotion, Work",予期せずキレた人に対して使われます。
TP0416,"A: I'm so tired of his excuses.
B: I've had it up to ___.",everywhere,there,where,here,3,我慢の限界に達していること。,idiom,hard,casual,"Emotion, Social",イライラが頂点に達した時にジェスチャーを交えて使われます。
TP0417,"A: The presentation was a disaster.
B: We completely dropped the ___.",glove,bat,ball,base,2,責任を果たさず、大きなミスを犯すこと。,idiom,hard,casual,"Work, Action",期待を裏切るような失敗をした時に使われます。
TP0418,"A: He's always trying to find a shortcut.
B: He's always cutting ___.",lines,corners,edges,sides,1,手間やお金を省くために、手抜きをすること。,idiom,hard,casual,"Work, Action",品質を犠牲にしてズルをする人に対して使われます。
TP0419,"A: We need to address the main issue.
B: Let's talk about the elephant in the ___.",space,house,building,room,3,誰もが気づいているが、触れたがらない重大な問題。,idiom,hard,professional,"Communication, Work",避けられている話題を切り出す時に使われます。
TP0420,"A: He's always changing his mind.
B: He's completely ___.",wishy-washy,up-downy,flip-floppy,zig-zaggy,0,優柔不断で態度が定まらないこと。,vocabulary,hard,casual,"Emotion, Description",決断力のない人に対して使われます。
TP0421,"A: I'm not going to argue with him anymore.
B: Good idea, take the high ___.",street,path,way,road,3,相手の低俗な態度に合わせず、立派な態度をとること。,idiom,hard,casual,"Emotion, Social",争いを避けて大人な対応をする時に使われます。
TP0422,"A: The instructions are very confusing.
B: They're clear as ___.",air,water,mud,glass,2,全く理解できない、非常に不明確であること。,idiom,hard,casual,"Communication, Learning",皮肉を込めて「全く分からない」と言う時に使われます。
TP0423,"A: He got promoted even though he's terrible at his job.
B: He must have friends in high ___.",locations,places,spots,positions,1,権力や影響力を持つ有力な知り合いがいること。,idiom,hard,casual,"Work, Social",コネで成功したと思われる人に対して使われます。
TP0424,"A: I can't believe she said that to the boss.
B: She really put her foot in her ___.",mouth,bag,shoe,pocket,0,うっかり失言して、気まずい思いをすること。,idiom,hard,casual,"Communication, Emotion",言ってはいけないことを言ってしまった時に使われます。
TP0425,"A: The project is finally finished.
B: It's a huge weight off my ___.",head,back,chest,shoulders,3,重荷やプレッシャーから解放されて安心すること。,idiom,hard,casual,"Emotion, Work",大きな責任や心配事がなくなった時に使われます。
TP0426,"A: I have to study all night.
B: Time to ___.",burn the midnight oil,burn the morning oil,burn the evening oil,burn the afternoon oil,0,夜遅くまで勉強や仕事をすること。,idiom,hard,casual,"Work, Learning",試験前や締め切り前によく使われます。
TP0427,"A: I accused the wrong person.
B: You were ___.",barking up the wrong wall,barking up the wrong tree,barking up the wrong door,barking up the wrong house,1,見当違いをしている、間違った方向で努力していること。,idiom,hard,casual,"Action, Communication",犯人探しや原因究明で間違っている時に使われます。
TP0428,"A: The meeting is out of control.
B: It's completely ___.",out of arm,out of leg,out of hand,out of foot,2,手に負えなくなる、コントロールできなくなること。,idiom,hard,casual,"Work, Emotion",状況が悪化して収拾がつかない時に使われます。
TP0429,A: He always plays the ___ to test my ideas.,angel's advocate,god's advocate,demon's advocate,devil's advocate,3,議論を深めるために、あえて反対意見を述べる人のこと。,idiom,hard,professional,"Communication, Work",会議などで意図的に反論する時に使われます。
TP0430,"A: I lost my job, but I found a better one.
B: It was a ___.",blessing in disguise,curse in disguise,gift in disguise,luck in disguise,0,一見悪いことに見えて、実は良い結果をもたらすこと。,idiom,hard,casual,"Emotion, Work",後になってから良かったと気づいた時に使われます。
TP0431,"A: I'm so confused by this new software.
B: You'll ___ it soon.",wrap your head around,wrap your arm around,wrap your mind around,wrap your brain around,0,複雑なことや新しいことを理解すること。,idiom,hard,casual,"Learning, Work",理解するのが難しい状況でよく使われます。
TP0432,"A: Should I invest all my money in one stock?
B: Don't ___.",put all your eggs in one basket,put all your apples in one basket,put all your oranges in one basket,put all your fruits in one basket,0,全てのリソースを一つのことに集中させないようにという警告。,idiom,hard,casual,"Work, Money",リスク分散を勧める時によく使われます。
TP0433,"A: How is your grandfather doing?
B: He's ___.",fit as a guitar,fit as a piano,fit as a fiddle,fit as a drum,2,非常に健康であること。,idiom,hard,casual,"Health, Emotion",特に高齢者が元気な時に使われます。
TP0434,"A: I need to go to sleep.
B: Time to ___.",hit the bag,hit the box,hit the sack,hit the bed,2,寝る、床に就くこと。,idiom,hard,casual,"Time, Action",疲れて寝る時によく使われます。
TP0435,"A: I can't figure out how to use the coffee maker.
B: Come on, ___.",it's not brain surgery,it's not rocket science,it's not quantum physics,it's not computer science,1,そんなに難しくない、誰でもできるということ。,idiom,hard,casual,"Learning, Emotion",簡単なことを難しく考えている人に対して使われます。
TP0436,"A: He didn't do his chores, but I won't punish him this time.
B: You're ___.",letting him off the hook,letting him off the line,letting him off the string,letting him off the wire,0,責任や罰を免除すること。,idiom,hard,casual,"Action, Social",今回は許してあげる、という状況で使われます。
TP0437,"A: Did you invest in Bitcoin in 2010?
B: No, I ___.",missed the train,missed the bus,missed the boat,missed the flight,2,好機を逃すこと。,idiom,hard,casual,"Action, Time",チャンスを逃して後悔している時に使われます。
TP0438,"A: I'm working from home and getting paid well.
B: You have ___.",the best of both worlds,the best of two worlds,the best of all worlds,the best of everything,0,二つの異なる状況の利点を同時に享受すること。,idiom,hard,casual,"Work, Emotion",理想的な状況にある時に使われます。
TP0439,"A: Why are you so angry about a small mistake?
B: I shouldn't get ___.",bent out of form,bent out of line,bent out of shape,bent out of place,2,不必要に腹を立てたり、動揺したりすること。,idiom,hard,casual,"Emotion, Social",些細なことで怒っている人に対して使われます。
TP0440,"A: It started raining, and then my car broke down.
B: ___.",To make things worse,To make matters worse,To make issues worse,To make problems worse,1,さらに悪いことに、泣きっ面に蜂。,idiom,hard,casual,"Action, Emotion",悪いことが重なった時に使われます。
TP0441,"A: These cheap sunglasses are everywhere.
B: Yeah, they're ___.",a penny a dozen,a quarter a dozen,a dollar a dozen,a dime a dozen,3,ありふれていて価値が低いこと。,idiom,hard,casual,"Description, Money",特別ではない、どこにでもあるものに対して使われます。
TP0442,"A: First he fired me, then he insulted me.
B: That's ___.",adding salt to injury,adding insult to injury,adding pain to injury,adding hurt to injury,1,悪い状況をさらに悪化させること、泣きっ面に蜂。,idiom,hard,casual,"Emotion, Social",ひどい仕打ちが重なった時に使われます。
TP0443,"A: We already decided not to go. Stop talking about it.
B: Okay, I won't ___.",beat a dead dog,beat a dead cat,beat a dead horse,beat a dead cow,2,すでに終わったことや解決済みの問題を蒸し返すこと。,idiom,hard,casual,"Communication, Action",無駄な議論を続ける人に対して使われます。
TP0444,"A: I volunteered to organize the whole event by myself.
B: You might ___.",bite off more than you can swallow,bite off more than you can eat,bite off more than you can chew,bite off more than you can take,2,自分の能力以上のことを引き受けること。,idiom,hard,casual,"Work, Action",キャパオーバーになりそうな人に対して使われます。
TP0445,A: It's so quiet in here. I'll tell a joke to ___.,break the glass,break the ice,break the wall,break the silence,1,初対面の人たちの間の緊張をほぐすこと。,idiom,hard,casual,"Communication, Social",気まずい沈黙を破る時によく使われます。
TP0446,"A: I barely passed the exam with a 60%.
B: You passed ___.",by the hair of your teeth,by the skin of your teeth,by the nail of your teeth,by the bone of your teeth,1,かろうじて、間一髪で。,idiom,hard,casual,"Action, Emotion",ギリギリで何かを達成した時に使われます。
TP0447,"A: We've been working for 10 hours.
B: Let's ___.",call it a night,call it a day,call it a time,call it a shift,1,今日の仕事や作業を切り上げること。,idiom,hard,casual,"Work, Time",作業を終えて休む時によく使われます。
TP0448,"A: I need experience to get a job, but I need a job to get experience.
B: It's a ___.",catch-20,catch-21,catch-22,catch-23,2,矛盾した規則や状況のために抜け出せないジレンマ。,idiom,hard,casual,"Work, Action",どうしようもない矛盾した状況で使われます。
TP0449,"A: I accidentally deleted the file, but I can't get it back.
B: No use ___.",crying over spilled water,crying over spilled milk,crying over spilled juice,crying over spilled tea,1,済んでしまったことを後悔しても無駄であること。,idiom,hard,casual,"Emotion, Action",取り返しのつかない失敗をした時に使われます。
TP0450,"A: I won't accept anything less than $100.
B: That's where I ___.",draw the line,draw the circle,draw the square,draw the border,0,許容できる限界や境界線を設定すること。,idiom,hard,casual,"Action, Communication",これ以上は譲れないという時に使われます。
TP0451,"A: Just stop worrying about it.
B: That's ___.",easier spoken than done,easier said than done,easier talked than done,easier told than done,1,言うは易く行うは難し。,idiom,hard,casual,"Action, Emotion",アドバイスを実行するのが難しい時に使われます。
TP0452,"A: I broke my leg, but I finally had time to read that book.
B: ___.",Every cloud has a silver lining,Every storm has a rainbow,Every rain has a sun,Every night has a day,0,どんな悪いことにも良い面があるということ。,idiom,hard,casual,"Emotion, Social",落ち込んでいる人を励ます時によく使われます。
TP0453,"A: How's the new job?
B: I'm still trying to ___.",find my hands,find my legs,find my feet,find my arms,2,新しい環境や状況に慣れること。,idiom,hard,casual,"Work, Learning",新しい職場や学校でまだ慣れていない時に使われます。
TP0454,"A: He always pranks people, but today someone pranked him.
B: He got a ___.",taste of his own food,taste of his own drink,taste of his own medicine,taste of his own poison,2,自分が他人にしているのと同じ不快な目に遭うこと。,idiom,hard,casual,"Social, Emotion",自業自得な状況で使われます。
TP0455,"A: I really need to go skydiving once in my life.
B: Just do it and ___.",get it out of your head,get it out of your mind,get it out of your system,get it out of your body,2,強い欲求や感情を満たして、未練をなくすこと。,idiom,hard,casual,"Action, Emotion",ずっとやりたかったことを実行する時に使われます。
TP0456,"A: He said he was sick, but I saw him at the mall.
B: Let's give him ___.",the benefit of the doubt,the benefit of the truth,the benefit of the lie,the benefit of the guess,0,証拠がないので、相手の言葉を信じること。,idiom,hard,casual,"Social, Communication",疑わしいが、とりあえず信じてみる時に使われます。
TP0457,"A: Why is she ignoring me?
B: She's giving you ___.",the cold hand,the cold foot,the cold shoulder,the cold arm,2,意図的に冷たくあしらう、無視すること。,idiom,hard,casual,"Social, Emotion",怒って相手を無視している時に使われます。
TP0458,"A: We searched everywhere for that rare book.
B: It was a ___.",wild duck chase,wild swan chase,wild goose chase,wild turkey chase,2,無駄な骨折り、見込みのない追求。,idiom,hard,casual,"Action, Time",徒労に終わった探し物に対して使われます。
TP0459,"A: He never pays attention in class.
B: He always has his ___.",head in the sky,head in the space,head in the clouds,head in the stars,2,空想にふけっている、上の空であること。,idiom,hard,casual,"Learning, Description",現実離れした考えを持っている人に対して使われます。
TP0460,"A: How did you know they were dating?
B: I heard it ___.",on the grapevine,on the apple tree,on the orange tree,on the peach tree,0,噂で聞く、人づてに聞くこと。,idiom,hard,casual,"Communication, Social",情報源を明かさずに噂話を伝える時に使われます。
TP0461,"A: I have a big exam tomorrow.
B: Time to ___.",hit the notes,hit the books,hit the pages,hit the papers,1,猛勉強すること。,idiom,hard,casual,"Learning, Action",試験前などに集中して勉強する時に使われます。
TP0462,"A: Should we tell him the bad news?
B: No, ___.",ignorance is joy,ignorance is peace,ignorance is bliss,ignorance is happiness,2,知らぬが仏、知らない方が幸せであること。,idiom,hard,casual,"Emotion, Communication",知らない方が本人のためになる時に使われます。
TP0463,"A: I didn't mean to yell at you.
B: It's okay, it was in ___.",the heat of the time,the heat of the second,the heat of the minute,the heat of the moment,3,カッとなって、つい衝動的に。,idiom,hard,casual,"Emotion, Action",興奮して思わずやってしまったことの言い訳として使われます。
TP0464,"A: He ruined the project!
B: Well, you helped him. ___.",It takes two to waltz,It takes two to salsa,It takes two to tango,It takes two to swing,2,どっちもどっち、両者に責任があること。,idiom,hard,casual,"Social, Action",喧嘩や問題で両方に非がある時に使われます。
TP0465,"A: I bought a house before getting a loan approved.
B: You ___.",jumped the pistol,jumped the rifle,jumped the cannon,jumped the gun,3,早まる、フライングすること。,idiom,hard,casual,"Action, Time",時期尚早な行動をとった時に使われます。
TP0466,"A: I didn't get the promotion.
B: ___! Better luck next time.",Keep your nose up,Keep your eyes up,Keep your chin up,Keep your head up,2,元気を出して、落ち込まないで。,idiom,hard,casual,"Emotion, Social",落ち込んでいる人を励ます時によく使われます。
TP0467,"A: I can exercise while listening to this audiobook.
B: You can ___.",kill two flies with one swat,kill two birds with one stone,kill two bugs with one spray,kill two mice with one trap,1,一石二鳥、一つの行動で二つの目的を果たすこと。,idiom,hard,casual,"Action, Time",効率よく物事を進める時に使われます。
TP0468,"A: We need to find that missing document.
B: We will ___.",leave no rock unturned,leave no pebble unturned,leave no stone unturned,leave no boulder unturned,2,あらゆる手段を尽くす、徹底的に探すこと。,idiom,hard,casual,"Action, Work",全力で問題解決にあたる時に使われます。
TP0469,"A: Should I bring up the argument we had last year?
B: No, ___.",let sleeping cats lie,let sleeping dogs lie,let sleeping bears lie,let sleeping lions lie,1,寝た子を起こすな、過去の波風を立てないこと。,idiom,hard,casual,"Communication, Social",蒸し返さない方が良い話題について使われます。
TP0470,"A: I'm going to quit my job and start a band.
B: You should ___.",look before you jump,look before you hop,look before you skip,look before you leap,3,行動する前に慎重に考えること。,idiom,hard,casual,"Action, Work",大きな決断をする人へのアドバイスとして使われます。
TP0471,"A: Your filing system is chaotic.
B: There is a ___.",reason to my chaos,logic to my mess,method to my madness,system to my crazy,2,一見無秩序に見えるが、実は理にかなっていること。,idiom,hard,casual,"Work, Description",自分なりのやり方を説明する時に使われます。
TP0472,"A: He makes some really weird decisions.
B: He's not ___.",playing with a full deck,playing with a full hand,playing with a full set,playing with a full pack,0,頭が少しおかしい、または少し抜けていること。,idiom,hard,casual,"Description, Social",常識に欠ける行動をする人に対して使われます。
TP0473,"A: Do you know the population of Japan?
B: Not ___.",off the tip of my head,off the top of my head,off the front of my head,off the back of my head,1,思いつきで、パッとは（分からない）。,idiom,hard,casual,"Learning, Communication",正確な情報がすぐに出てこない時に使われます。
TP0474,"A: I finally finished the marathon!
B: You passed with ___.",flying flags,flying banners,flying colors,flying ribbons,2,見事に、大成功で。,idiom,hard,casual,"Action, Emotion",試験や困難な課題を優秀な成績でクリアした時に使われます。
TP0475,"A: He keeps telling the same joke.
B: He sounds like a ___.",broken radio,broken record,broken tape,broken CD,1,同じことを何度も繰り返して言う人。,idiom,hard,casual,"Communication, Description",しつこく同じことを言う人に対して使われます。
TP0476,"A: We need everyone's help on this project.
B: It's ___.",all hands on deck,all arms on deck,all feet on deck,all legs on deck,0,全員の協力が必要な緊急事態。,idiom,hard,casual,"Work, Action",チーム全員で協力して取り組む必要がある時に使われます。
TP0477,"A: Are you feeling okay?
B: I'm a little ___ today.",under the clouds,under the weather,under the storm,under the rain,1,体調が少し悪いこと。,idiom,hard,casual,"Health, Emotion",深刻ではないが、少し具合が悪い時に使われます。
TP0478,"A: I'm going to confront the boss.
B: You're ___.",playing with fire,playing with water,playing with earth,playing with wind,0,危険なことをする、火遊びをする。,idiom,hard,casual,"Action, Work",リスクの高い行動をとろうとしている人への警告として使われます。
TP0479,"A: They won the championship again!
B: They are on a ___.",spin,turn,roll,wheel,2,絶好調である、連勝中であること。,idiom,hard,casual,"Action, Emotion",物事が連続してうまくいっている時に使われます。
TP0480,"A: Did you sleep well?
B: I slept like a ___.",stone,rock,log,tree,2,ぐっすり眠ること。,idiom,hard,casual,"Health, Time",深く熟睡したことを表現する時に使われます。
TP0481,"A: He always knows the latest gossip.
B: He has his ___ to the ground.",eye,ear,nose,hand,1,世間の動向や噂に注意を払っていること。,idiom,hard,casual,"Communication, Social",情報通である人を表す時に使われます。
TP0482,"A: I can't decide which car to buy.
B: You need to ___.",make up your mind,make up your head,make up your brain,make up your thoughts,0,決心する、心を決めること。,idiom,hard,casual,"Action, Emotion",迷っている人に決断を促す時に使われます。
TP0483,"A: We have a lot of problems to solve.
B: Let's cross that bridge when we ___ it.",see,find,come to,reach to,2,その問題が起きてから対処する、取り越し苦労をしないこと。,idiom,hard,casual,"Action, Time",先のことを心配しすぎないようにアドバイスする時に使われます。
TP0484,"A: The new smartphone is amazing.
B: It's the best thing since ___.",sliced bread,sliced cheese,sliced meat,sliced cake,0,非常に素晴らしい発明やアイデアのこと。,idiom,hard,casual,"Description, Emotion",画期的な新製品などを大げさに褒める時に使われます。
TP0485,"A: I'm not going to that party.
B: Suit ___.",you,your,yourself,yours,2,好きにすればいい、勝手にしろ。,idiom,hard,casual,"Communication, Emotion",相手の決断に対して少し冷たく突き放す時に使われます。
TP0486,"A: Are you sure you can finish this by tomorrow?
B: It's a ___.",piece of pie,piece of cake,piece of bread,piece of cheese,1,とても簡単なこと、朝飯前。,idiom,hard,casual,"Action, Work",楽勝であると自信を見せる時に使われます。
TP0487,"A: I don't know what to do next.
B: The ball is in your ___.",field,court,pitch,yard,1,次はあなたの番だ、あなた次第だ。,idiom,hard,casual,"Action, Communication",相手に決断や行動を委ねる時に使われます。
TP0488,"A: We need to start working on this project.
B: Let's get the ball ___.",bouncing,flying,rolling,spinning,2,物事を始める、軌道に乗せること。,idiom,hard,casual,"Action, Work",プロジェクトなどを開始する時に使われます。
TP0489,"A: I heard you're moving to New York.
B: Who let the ___ out of the bag?",dog,cat,bird,fish,1,秘密を漏らすこと。,idiom,hard,casual,"Communication, Social",隠していたことがバレてしまった時に使われます。
TP0490,"A: He is very rich.
B: He was born with a silver ___ in his mouth.",fork,knife,spoon,plate,2,裕福な家庭に生まれること。,idiom,hard,casual,"Description, Money",苦労を知らないお金持ちに対して使われます。
TP0491,"A: We barely escaped the fire.
B: It was a ___ call.",near,close,tight,short,1,危機一髪、間一髪の出来事。,idiom,hard,casual,"Action, Emotion",危ないところだったという状況で使われます。
TP0492,"A: I don't agree with you.
B: Let's agree to ___.",differ,disagree,argue,fight,1,意見の不一致を認める、議論を平行線で終わらせること。,idiom,hard,casual,"Communication, Social",これ以上議論しても無駄な時に使われます。
TP0493,"A: I'm feeling very nervous.
B: I have ___ in my stomach.",bees,birds,butterflies,bugs,2,緊張してそわそわすること。,idiom,hard,casual,"Emotion, Health",試験や発表の前に緊張している時に使われます。
TP0494,"A: Stop making fun of him.
B: I'm just pulling his ___.",arm,hand,leg,foot,2,からかう、冗談を言うこと。,idiom,hard,casual,"Communication, Social",悪意のない冗談を言っている時に使われます。
TP0495,"A: This rule applies to everyone.
B: It's a rule of ___.",finger,hand,thumb,toe,2,経験則、大まかな基準。,idiom,hard,casual,"Learning, Work",厳密ではないが一般的なルールを示す時に使われます。
TP0496,"A: He betrayed us.
B: He stabbed us in the ___.",front,side,back,chest,2,裏切ること、だまし討ちにすること。,idiom,hard,casual,"Action, Social",信頼していた人に裏切られた時に使われます。
TP0497,"A: We need to face the consequences.
B: It's time to face the ___.",music,noise,sound,song,0,自分の行動の報いを受ける、現実を直視すること。,idiom,hard,casual,"Action, Emotion",逃げずに責任をとるべき時に使われます。
TP0498,"A: I can't keep a secret.
B: My lips are ___.",locked,sealed,closed,shut,1,絶対に秘密を守るということ。,idiom,hard,casual,"Communication, Social",誰かに秘密を打ち明けられた時に安心させるために使われます。
TP0499,"A: They are always together.
B: They are like two peas in a ___.",pod,shell,bag,box,0,そっくりである、非常に仲が良いこと。,idiom,hard,casual,"Description, Social",見た目や性格が似ている二人に対して使われます。
TP0500,"A: I have a feeling something bad will happen.
B: I feel it in my ___.",blood,veins,bones,skin,2,直感的にそう感じる、確信していること。,idiom,hard,casual,"Emotion, Description",理屈ではなく感覚で確信している時に使われます。